created_at,entry_id,field1,field2,field3,field4,field5
2025-11-21 15:11:51 UTC,1,27.60,45.00,101105,4095,
2025-11-21 15:12:22 UTC,2,27.70,45.00,101099,2464,
2025-11-21 15:12:53 UTC,3,27.70,46.00,101101,2490,
2025-11-21 15:13:25 UTC,4,27.70,45.00,101111,2615,
2025-11-21 15:13:56 UTC,5,27.70,45.00,101112,2764,
2025-11-21 15:47:17 UTC,6,27.10,47.00,101104,4095,
2025-11-21 15:47:48 UTC,7,27.20,47.00,101102,4095,
2025-11-21 15:48:19 UTC,8,27.20,47.00,101104,4095,
2025-11-21 15:48:50 UTC,9,27.20,47.00,101105,4095,
2025-11-21 15:49:21 UTC,10,27.30,47.00,101101,4095,
2025-11-21 15:49:52 UTC,11,27.40,47.00,101103,4095,
2025-11-21 15:50:23 UTC,12,27.50,46.00,101102,4095,
2025-11-21 15:50:54 UTC,13,27.50,46.00,101107,4095,
2025-11-21 15:51:26 UTC,14,27.60,46.00,101104,4095,
2025-11-21 15:51:57 UTC,15,27.60,46.00,101095,1613,
2025-11-21 15:52:28 UTC,16,27.60,46.00,101103,1911,
2025-11-21 15:52:59 UTC,17,27.70,46.00,101102,1904,
2025-11-21 15:53:30 UTC,18,27.70,46.00,101107,1877,
2025-11-21 15:54:01 UTC,19,27.70,46.00,101104,1872,
2025-11-21 15:54:32 UTC,20,27.80,46.00,101101,1881,
2025-11-21 15:55:03 UTC,21,27.80,46.00,101105,4095,
2025-11-21 15:55:34 UTC,22,27.80,46.00,101102,4095,
2025-11-21 15:56:05 UTC,23,27.80,46.00,101096,4095,
2025-11-21 15:56:36 UTC,24,27.80,46.00,101104,4095,
2025-11-21 15:57:07 UTC,25,27.80,46.00,101103,4095,
2025-11-21 15:57:38 UTC,26,27.80,46.00,101103,4095,
2025-11-21 15:58:09 UTC,27,27.80,46.00,101107,4095,
2025-11-22 16:37:42 UTC,28,,,,,0
2025-11-22 16:38:15 UTC,29,,,,,0
2025-11-22 16:38:52 UTC,30,,,,,0
2025-11-22 16:54:09 UTC,31,,,,,0
2025-11-22 17:17:44 UTC,32,27.00,50.00,100982,4095,
2025-11-22 17:18:15 UTC,33,27.10,50.00,100981,2490,
2025-11-22 17:18:46 UTC,34,27.20,50.00,100980,2431,
2025-11-22 17:19:17 UTC,35,27.30,50.00,100989,2345,
2025-11-22 17:19:49 UTC,36,27.40,50.00,100978,2011,
2025-11-22 17:20:20 UTC,37,27.50,50.00,100980,1975,
2025-11-22 17:20:51 UTC,38,27.50,49.00,100985,1962,
2025-11-22 17:21:22 UTC,39,27.60,49.00,100976,1942,
2025-11-22 17:21:53 UTC,40,27.60,50.00,100980,1922,
2025-11-22 17:22:24 UTC,41,27.60,50.00,100982,1904,
2025-11-22 17:22:55 UTC,42,27.60,50.00,100977,1893,
2025-11-22 17:23:27 UTC,43,27.70,50.00,100986,1894,
2025-11-22 17:23:58 UTC,44,27.70,50.00,100984,1890,
2025-11-22 17:24:29 UTC,45,27.70,50.00,100978,1879,
2025-11-22 17:25:00 UTC,46,27.80,50.00,100982,1905,
2025-11-22 17:25:31 UTC,47,27.80,50.00,100977,1915,
2025-11-22 17:26:02 UTC,48,27.90,52.00,100978,1929,
2025-11-22 17:26:33 UTC,49,27.90,52.00,100974,1936,
2025-11-22 17:27:04 UTC,50,28.00,51.00,100972,1947,
2025-11-22 17:27:35 UTC,51,28.00,51.00,100972,1951,
2025-11-22 17:28:06 UTC,52,28.00,50.00,100979,1959,
2025-11-22 17:28:37 UTC,53,28.00,50.00,100972,1967,
2025-11-22 17:29:09 UTC,54,28.00,50.00,100975,1963,
2025-11-22 17:29:40 UTC,55,28.00,51.00,100979,1959,
2025-11-22 17:30:11 UTC,56,28.00,51.00,100972,2330,
2025-11-22 17:30:42 UTC,57,28.00,50.00,100970,4095,
2025-11-22 17:31:13 UTC,58,28.00,50.00,100974,4095,
2025-11-22 17:40:41 UTC,59,27.10,51.00,100957,4095,
2025-11-22 17:41:12 UTC,60,27.10,51.00,100959,4095,
2025-11-22 17:41:43 UTC,61,27.20,51.00,100959,4095,
2025-11-22 17:42:14 UTC,62,27.30,51.00,100962,4095,
2025-11-22 17:42:45 UTC,63,27.30,51.00,100962,4095,
2025-11-22 17:43:16 UTC,64,27.30,51.00,100965,4095,
2025-11-22 17:43:47 UTC,65,27.40,51.00,100958,4095,
2025-11-22 17:44:19 UTC,66,27.40,51.00,100958,4095,
2025-11-22 17:44:50 UTC,67,27.50,51.00,100956,4095,
2025-11-22 17:45:21 UTC,68,27.50,51.00,100960,4095,
2025-11-22 17:45:52 UTC,69,27.50,51.00,100960,4095,
2025-11-22 17:46:23 UTC,70,27.60,50.00,100953,4095,
2025-11-22 17:46:54 UTC,71,27.70,51.00,100954,4095,
2025-11-22 17:47:25 UTC,72,27.70,50.00,100955,4095,
2025-11-22 17:47:56 UTC,73,27.70,50.00,100951,4095,
2025-11-22 17:48:28 UTC,74,27.70,50.00,100957,4095,
2025-11-22 17:48:59 UTC,75,27.60,50.00,100954,4095,
2025-11-22 17:49:30 UTC,76,27.60,50.00,100955,4095,
2025-11-22 17:50:01 UTC,77,27.60,50.00,100955,4095,
2025-11-22 17:50:34 UTC,78,27.60,50.00,100953,4095,
2025-11-22 17:51:05 UTC,79,27.60,50.00,100953,4095,
2025-11-22 17:51:36 UTC,80,27.60,50.00,100956,4095,
2025-11-22 17:52:07 UTC,81,27.60,50.00,100954,4095,
2025-11-22 17:52:38 UTC,82,27.50,50.00,100955,4095,
2025-11-22 17:53:10 UTC,83,27.50,50.00,100952,4095,
2025-11-22 17:53:41 UTC,84,27.50,50.00,100950,4095,
2025-11-22 17:54:12 UTC,85,27.50,50.00,100951,4095,
2025-11-22 17:54:43 UTC,86,27.50,50.00,100947,4095,
2025-11-22 17:55:14 UTC,87,27.50,50.00,100954,4095,
2025-11-22 17:55:45 UTC,88,27.50,50.00,100952,4095,
2025-11-22 17:56:16 UTC,89,27.50,50.00,100954,4095,
2025-11-22 17:56:47 UTC,90,27.50,50.00,100950,4095,
2025-11-22 17:57:19 UTC,91,27.50,50.00,100951,4095,
2025-11-22 17:57:50 UTC,92,27.50,50.00,100945,4095,
2025-11-22 17:58:21 UTC,93,27.50,50.00,100954,4095,
2025-11-22 17:58:52 UTC,94,27.50,50.00,100950,4095,
2025-11-22 17:59:23 UTC,95,27.50,50.00,100949,4095,
2025-11-22 17:59:54 UTC,96,27.50,50.00,100945,4095,
2025-11-22 18:00:25 UTC,97,27.50,50.00,100952,4095,
2025-11-22 18:00:56 UTC,98,27.50,50.00,100951,4095,
2025-11-22 18:01:27 UTC,99,27.40,50.00,100946,4095,
2025-11-22 18:01:58 UTC,100,27.50,50.00,100949,4095,
2025-11-22 18:02:29 UTC,101,27.50,50.00,100945,4095,
2025-11-22 18:03:35 UTC,102,27.50,50.00,100948,4095,
2025-11-22 18:04:06 UTC,103,27.50,50.00,100946,4095,
2025-11-22 18:04:37 UTC,104,27.50,50.00,100945,4095,
2025-11-22 18:05:08 UTC,105,27.50,50.00,100948,4095,
2025-11-22 18:05:39 UTC,106,27.50,50.00,100947,4095,
2025-11-22 18:06:10 UTC,107,27.50,50.00,100947,4095,
2025-11-22 18:06:41 UTC,108,27.50,50.00,100954,4095,
2025-11-22 18:07:05 UTC,109,,,,,0
2025-11-22 18:07:43 UTC,110,27.50,50.00,100951,4095,
2025-11-22 18:08:14 UTC,111,27.50,50.00,100946,4095,
2025-11-22 18:08:45 UTC,112,27.40,50.00,100946,4095,
2025-11-22 18:09:55 UTC,113,27.40,50.00,100944,4095,
2025-11-22 18:10:26 UTC,114,27.50,50.00,100948,4095,
2025-11-22 18:10:57 UTC,115,27.40,50.00,100945,4095,
2025-11-22 18:11:28 UTC,116,27.50,51.00,100944,4095,
2025-11-22 18:11:59 UTC,117,27.50,50.00,100944,4095,
2025-11-22 18:12:30 UTC,118,27.50,50.00,100944,4095,
2025-11-22 18:13:24 UTC,119,,,,,0
2025-11-22 18:14:08 UTC,120,27.50,50.00,100944,4095,
2025-11-22 18:14:39 UTC,121,27.50,50.00,100940,4095,
2025-11-22 18:15:10 UTC,122,27.40,50.00,100940,4095,
2025-11-22 18:15:41 UTC,123,27.40,50.00,100944,4095,
2025-11-22 18:16:12 UTC,124,27.40,50.00,100945,4095,
2025-11-22 18:16:43 UTC,125,27.40,50.00,100943,4095,
2025-11-22 18:17:14 UTC,126,27.40,50.00,100944,2236,
2025-11-22 18:17:45 UTC,127,27.40,50.00,100946,2229,
2025-11-22 18:18:16 UTC,128,27.50,50.00,100944,2038,
2025-11-22 18:18:47 UTC,129,27.50,50.00,100943,2063,
2025-11-22 18:19:18 UTC,130,27.60,50.00,100944,2042,
2025-11-22 18:19:49 UTC,131,27.60,50.00,100938,4095,
2025-11-22 18:20:20 UTC,132,27.70,50.00,100935,4095,
2025-11-22 18:20:37 UTC,133,,,,,0
2025-11-23 16:58:29 UTC,134,,,,,0
2025-11-23 17:03:28 UTC,135,,,,,0
2025-11-23 17:08:28 UTC,136,,,,,0
2025-11-23 17:13:30 UTC,137,,,,,0
2025-11-23 17:15:27 UTC,138,,,,,0
2025-11-23 17:20:29 UTC,139,,,,,0
2025-11-23 17:25:28 UTC,140,,,,,0
2025-11-23 17:30:29 UTC,141,,,,,0
2025-11-23 17:35:27 UTC,142,,,,,0
2025-11-23 17:40:28 UTC,143,,,,,0
2025-11-23 17:45:28 UTC,144,,,,,0
2025-11-23 17:50:29 UTC,145,,,,,0
2025-11-23 17:55:28 UTC,146,,,,,0
2025-11-23 18:00:28 UTC,147,,,,,0
2025-11-23 18:05:27 UTC,148,,,,,0
2025-11-23 18:10:28 UTC,149,,,,,0
2025-11-23 18:15:28 UTC,150,,,,,0
2025-11-23 18:20:28 UTC,151,,,,,0
2025-11-23 18:25:28 UTC,152,,,,,0
2025-11-23 18:30:29 UTC,153,,,,,0
2025-11-23 18:35:29 UTC,154,,,,,0
2025-11-23 18:40:34 UTC,155,,,,,0
2025-11-23 18:45:28 UTC,156,,,,,0
2025-11-23 18:50:28 UTC,157,,,,,0
2025-11-23 18:55:27 UTC,158,,,,,0
2025-11-23 19:00:29 UTC,159,,,,,0
2025-11-23 19:05:28 UTC,160,,,,,0
2025-11-23 19:10:28 UTC,161,,,,,0
2025-11-23 19:15:27 UTC,162,,,,,0
2025-11-23 19:20:28 UTC,163,,,,,0
2025-11-23 19:25:27 UTC,164,,,,,0
2025-11-23 19:30:28 UTC,165,,,,,0
2025-11-23 19:35:28 UTC,166,,,,,0
2025-11-23 19:40:29 UTC,167,,,,,0
2025-11-23 19:45:28 UTC,168,,,,,0
2025-11-23 19:50:30 UTC,169,,,,,0
2025-11-23 19:55:28 UTC,170,,,,,0
2025-11-23 20:00:43 UTC,171,,,,,0
2025-11-23 20:05:29 UTC,172,,,,,0
2025-11-23 20:10:29 UTC,173,,,,,0
2025-11-23 20:15:28 UTC,174,,,,,0
2025-11-23 20:20:29 UTC,175,,,,,0
2025-11-23 20:25:28 UTC,176,,,,,0
2025-11-23 20:30:28 UTC,177,,,,,0
2025-11-23 20:35:27 UTC,178,,,,,0
2025-11-23 20:40:31 UTC,179,,,,,0
2025-11-23 20:45:27 UTC,180,,,,,0
2025-11-23 20:50:29 UTC,181,,,,,0
2025-11-23 20:55:27 UTC,182,,,,,0
2025-11-23 21:00:35 UTC,183,,,,,0
2025-11-23 21:05:28 UTC,184,,,,,0
2025-11-23 21:10:29 UTC,185,,,,,0
2025-11-23 21:15:27 UTC,186,,,,,0
2025-11-23 21:20:29 UTC,187,,,,,0
2025-11-23 21:25:29 UTC,188,,,,,0
2025-11-23 21:30:29 UTC,189,,,,,0
2025-11-23 21:35:28 UTC,190,,,,,0
2025-11-23 21:40:41 UTC,191,,,,,0
2025-11-23 21:45:28 UTC,192,,,,,0
2025-11-23 21:50:29 UTC,193,,,,,0
2025-11-23 21:55:27 UTC,194,,,,,0
2025-11-23 22:00:29 UTC,195,,,,,0
2025-11-23 22:05:44 UTC,196,,,,,0
2025-11-23 22:10:29 UTC,197,,,,,0
2025-11-23 22:15:30 UTC,198,,,,,0
2025-11-23 22:20:28 UTC,199,,,,,0
2025-11-23 22:25:29 UTC,200,,,,,0
2025-11-23 22:30:28 UTC,201,,,,,0
2025-11-23 22:35:34 UTC,202,,,,,0
2025-11-23 22:40:28 UTC,203,,,,,0
2025-11-23 22:45:28 UTC,204,,,,,0
2025-11-23 22:50:29 UTC,205,,,,,0
2025-11-23 22:55:28 UTC,206,,,,,0
2025-11-23 23:00:29 UTC,207,,,,,0
2025-11-23 23:05:28 UTC,208,,,,,0
2025-11-23 23:10:28 UTC,209,,,,,0
2025-11-23 23:15:27 UTC,210,,,,,0
2025-11-23 23:20:28 UTC,211,,,,,0
2025-11-23 23:25:28 UTC,212,,,,,0
2025-11-23 23:30:36 UTC,213,,,,,0
2025-11-23 23:35:30 UTC,214,,,,,0
2025-11-23 23:40:30 UTC,215,,,,,0
2025-11-23 23:45:27 UTC,216,,,,,0
2025-11-23 23:50:29 UTC,217,,,,,0
2025-11-23 23:55:28 UTC,218,,,,,0
2025-11-24 00:00:29 UTC,219,,,,,0
2025-11-24 00:05:28 UTC,220,,,,,0
2025-11-24 00:10:28 UTC,221,,,,,0
2025-11-24 00:15:29 UTC,222,,,,,0
2025-11-24 00:20:29 UTC,223,,,,,0
2025-11-24 00:25:28 UTC,224,,,,,0
2025-11-24 00:30:29 UTC,225,,,,,0
2025-11-24 00:35:27 UTC,226,,,,,0
2025-11-24 00:40:29 UTC,227,,,,,0
2025-11-24 00:45:29 UTC,228,,,,,0
2025-11-24 00:50:30 UTC,229,,,,,0
2025-11-24 00:55:28 UTC,230,,,,,0
2025-11-24 01:00:34 UTC,231,,,,,0
2025-11-24 01:05:28 UTC,232,,,,,0
2025-11-24 01:10:29 UTC,233,,,,,0
2025-11-24 01:15:29 UTC,234,,,,,0
2025-11-24 01:20:28 UTC,235,,,,,0
2025-11-24 01:25:27 UTC,236,,,,,0
2025-11-24 01:30:29 UTC,237,,,,,0
2025-11-24 01:35:27 UTC,238,,,,,0
2025-11-24 01:40:31 UTC,239,,,,,0
2025-11-24 01:45:28 UTC,240,,,,,0
2025-11-24 01:50:29 UTC,241,,,,,0
2025-11-24 01:55:30 UTC,242,,,,,0
2025-11-24 02:00:29 UTC,243,,,,,0
2025-11-24 02:05:31 UTC,244,,,,,0
2025-11-24 02:10:29 UTC,245,,,,,0
2025-11-24 02:15:29 UTC,246,,,,,0
2025-11-24 02:20:29 UTC,247,,,,,0
2025-11-24 02:25:28 UTC,248,,,,,0
2025-11-24 02:30:28 UTC,249,,,,,0
2025-11-24 02:35:43 UTC,250,,,,,0
2025-11-24 02:40:28 UTC,251,,,,,0
2025-11-24 02:45:27 UTC,252,,,,,0
2025-11-24 02:50:29 UTC,253,,,,,0
2025-11-24 02:55:30 UTC,254,,,,,0
2025-11-24 03:00:29 UTC,255,,,,,0
2025-11-24 03:05:29 UTC,256,,,,,0
2025-11-24 03:10:28 UTC,257,,,,,0
2025-11-24 03:15:27 UTC,258,,,,,0
2025-11-24 03:20:28 UTC,259,,,,,0
2025-11-24 03:25:27 UTC,260,,,,,0
2025-11-24 03:30:28 UTC,261,,,,,0
2025-11-24 03:35:29 UTC,262,,,,,0
2025-11-24 03:40:30 UTC,263,,,,,0
2025-11-24 03:45:28 UTC,264,,,,,0
2025-11-24 03:50:29 UTC,265,,,,,0
2025-11-24 03:55:28 UTC,266,,,,,0
2025-11-24 04:00:29 UTC,267,,,,,0
2025-11-24 04:05:31 UTC,268,,,,,0
2025-11-24 04:10:28 UTC,269,,,,,0
2025-11-24 04:15:31 UTC,270,,,,,0
2025-11-24 04:20:28 UTC,271,,,,,0
2025-11-24 04:25:29 UTC,272,,,,,0
2025-11-24 04:30:28 UTC,273,,,,,0
2025-11-24 04:35:27 UTC,274,,,,,0
2025-11-24 04:40:35 UTC,275,,,,,0
2025-11-24 04:45:28 UTC,276,,,,,0
2025-11-24 04:50:28 UTC,277,,,,,0
2025-11-24 04:55:27 UTC,278,,,,,0
2025-11-24 05:00:29 UTC,279,,,,,0
2025-11-24 05:05:54 UTC,280,,,,,0
2025-11-24 05:10:29 UTC,281,,,,,0
2025-11-24 05:15:27 UTC,282,,,,,0
2025-11-24 05:20:28 UTC,283,,,,,0
2025-11-24 05:25:29 UTC,284,,,,,0
2025-11-24 05:30:29 UTC,285,,,,,0
2025-11-24 05:35:27 UTC,286,,,,,0
2025-11-24 05:40:29 UTC,287,,,,,0
2025-11-24 05:45:30 UTC,288,,,,,0
2025-11-24 05:50:29 UTC,289,,,,,0
2025-11-24 05:55:30 UTC,290,,,,,0
2025-11-24 06:00:53 UTC,291,,,,,0
2025-11-24 06:05:31 UTC,292,,,,,0
2025-11-24 06:10:29 UTC,293,,,,,0
2025-11-24 06:15:29 UTC,294,,,,,0
2025-11-24 06:20:28 UTC,295,,,,,0
2025-11-24 06:25:29 UTC,296,,,,,0
2025-11-24 06:30:36 UTC,297,,,,,0
2025-11-24 06:35:37 UTC,298,,,,,0
2025-11-24 06:40:44 UTC,299,,,,,0
2025-11-24 06:45:28 UTC,300,,,,,0
2025-11-24 06:50:29 UTC,301,,,,,0
2025-11-24 06:55:29 UTC,302,,,,,0
2025-11-24 07:00:29 UTC,303,,,,,0
2025-11-24 07:05:28 UTC,304,,,,,0
2025-11-24 07:10:40 UTC,305,,,,,0
2025-11-24 07:15:27 UTC,306,,,,,0
2025-11-24 07:20:29 UTC,307,,,,,0
2025-11-24 07:25:27 UTC,308,,,,,0
2025-11-24 07:30:30 UTC,309,,,,,0
2025-11-24 07:35:27 UTC,310,,,,,0
2025-11-24 07:40:28 UTC,311,,,,,0
2025-11-24 07:45:27 UTC,312,,,,,0
2025-11-24 07:50:28 UTC,313,,,,,0
2025-11-24 07:55:28 UTC,314,,,,,0
2025-11-24 08:00:28 UTC,315,,,,,0
2025-11-24 08:05:29 UTC,316,,,,,0
2025-11-24 08:10:29 UTC,317,,,,,0
2025-11-24 08:15:33 UTC,318,,,,,0
2025-11-24 08:20:30 UTC,319,,,,,0
2025-11-24 08:25:27 UTC,320,,,,,0
2025-11-24 08:30:29 UTC,321,,,,,0
2025-11-24 08:35:36 UTC,322,,,,,0
2025-11-24 08:40:29 UTC,323,,,,,0
2025-11-24 08:45:28 UTC,324,,,,,0
2025-11-24 08:50:29 UTC,325,,,,,0
2025-11-24 08:55:28 UTC,326,,,,,0
2025-11-24 09:00:29 UTC,327,,,,,0
2025-11-24 09:05:28 UTC,328,,,,,0
2025-11-24 09:10:28 UTC,329,,,,,0
2025-11-24 09:15:28 UTC,330,,,,,0
2025-11-24 09:20:29 UTC,331,,,,,0
2025-11-24 09:25:28 UTC,332,,,,,0
2025-11-24 09:30:29 UTC,333,,,,,0
2025-11-24 09:35:27 UTC,334,,,,,0
2025-11-24 09:40:33 UTC,335,,,,,0
2025-11-24 09:45:29 UTC,336,,,,,0
2025-11-24 09:50:28 UTC,337,,,,,0
2025-11-24 09:55:27 UTC,338,,,,,0
2025-11-24 10:00:28 UTC,339,,,,,0
2025-11-24 10:05:29 UTC,340,,,,,0
2025-11-24 10:10:28 UTC,341,,,,,0
2025-11-24 10:15:29 UTC,342,,,,,0
2025-11-24 10:20:29 UTC,343,,,,,0
2025-11-24 10:25:27 UTC,344,,,,,0
2025-11-24 10:30:30 UTC,345,,,,,0
2025-11-24 10:35:27 UTC,346,,,,,0
2025-11-24 10:40:39 UTC,347,,,,,0
2025-11-24 10:45:29 UTC,348,,,,,0
2025-11-24 10:50:31 UTC,349,,,,,0
2025-11-24 10:55:28 UTC,350,,,,,0
2025-11-24 11:00:36 UTC,351,,,,,0
2025-11-24 11:05:28 UTC,352,,,,,0
2025-11-24 11:10:29 UTC,353,,,,,0
2025-11-24 11:15:34 UTC,354,,,,,0
2025-11-24 11:20:30 UTC,355,,,,,0
2025-11-24 11:25:27 UTC,356,,,,,0
2025-11-24 11:30:28 UTC,357,,,,,0
2025-11-24 11:35:30 UTC,358,,,,,0
2025-11-24 11:40:29 UTC,359,,,,,0
2025-11-24 11:45:28 UTC,360,,,,,0
2025-11-24 11:50:29 UTC,361,,,,,0
2025-11-24 11:55:27 UTC,362,,,,,0
2025-11-24 12:00:43 UTC,363,,,,,0
2025-11-24 12:05:29 UTC,364,,,,,0
2025-11-24 12:10:29 UTC,365,,,,,0
2025-11-24 12:15:28 UTC,366,,,,,0
2025-11-24 12:20:33 UTC,367,,,,,0
2025-11-24 12:25:29 UTC,368,,,,,0
2025-11-24 12:30:29 UTC,369,,,,,0
2025-11-24 12:35:28 UTC,370,,,,,0
2025-11-24 12:40:29 UTC,371,,,,,0
2025-11-24 12:45:32 UTC,372,,,,,0
2025-11-24 12:50:29 UTC,373,,,,,0
2025-11-24 12:55:28 UTC,374,,,,,0
2025-11-24 13:00:28 UTC,375,,,,,0
2025-11-24 13:05:28 UTC,376,,,,,0
2025-11-24 13:10:43 UTC,377,,,,,0
2025-11-24 13:15:28 UTC,378,,,,,0
2025-11-24 13:20:28 UTC,379,,,,,0
2025-11-24 13:25:27 UTC,380,,,,,0
2025-11-24 13:30:30 UTC,381,,,,,0
2025-11-24 13:35:31 UTC,382,,,,,0
2025-11-24 13:40:29 UTC,383,,,,,0
2025-11-24 13:45:38 UTC,384,,,,,0
2025-11-24 13:50:29 UTC,385,,,,,0
2025-11-24 13:55:30 UTC,386,,,,,0
2025-11-24 14:00:37 UTC,387,,,,,0
2025-11-24 14:05:33 UTC,388,,,,,0
2025-11-24 14:10:31 UTC,389,,,,,0
2025-11-24 14:15:28 UTC,390,,,,,0
2025-11-24 14:20:29 UTC,391,,,,,0
2025-11-24 14:25:27 UTC,392,,,,,0
2025-11-24 14:30:29 UTC,393,,,,,0
2025-11-24 14:35:30 UTC,394,,,,,0
2025-11-24 14:40:36 UTC,395,,,,,0
2025-11-24 14:45:27 UTC,396,,,,,0
2025-11-24 14:50:29 UTC,397,,,,,0
2025-11-24 14:55:27 UTC,398,,,,,0
2025-11-24 15:00:45 UTC,399,,,,,0
2025-11-24 15:05:28 UTC,400,,,,,0
2025-11-24 15:10:28 UTC,401,,,,,0
2025-11-24 15:15:32 UTC,402,,,,,0
2025-11-24 15:20:28 UTC,403,,,,,0
2025-11-24 15:25:29 UTC,404,,,,,0
2025-11-24 15:30:29 UTC,405,,,,,0
2025-11-24 15:35:31 UTC,406,,,,,0
2025-11-24 15:40:28 UTC,407,,,,,0
2025-11-24 15:45:28 UTC,408,,,,,0
2025-11-24 15:50:29 UTC,409,,,,,0
2025-11-24 15:55:38 UTC,410,,,,,0
2025-11-24 16:00:29 UTC,411,,,,,0
2025-11-24 16:05:29 UTC,412,,,,,0
2025-11-24 16:10:35 UTC,413,,,,,0
2025-11-24 16:20:28 UTC,414,,,,,0
2025-11-24 16:25:29 UTC,415,,,,,0
2025-11-24 16:30:27 UTC,416,,,,,0
2025-11-24 16:35:28 UTC,417,,,,,0
2025-11-24 16:38:09 UTC,418,26.60,43.00,101136,4095,
2025-11-24 16:38:40 UTC,419,26.70,43.00,101135,4095,
2025-11-24 16:39:11 UTC,420,26.70,42.00,101129,4095,
2025-11-24 16:39:41 UTC,421,26.70,43.00,101139,4095,
2025-11-24 16:40:13 UTC,422,26.70,42.00,101132,4095,
2025-11-24 16:40:29 UTC,423,,,,,0
2025-11-24 16:41:15 UTC,424,26.80,42.00,101143,4095,
2025-11-24 16:41:46 UTC,425,26.80,43.00,101133,4095,
2025-11-24 16:42:17 UTC,426,26.90,42.00,101141,4095,
2025-11-24 16:42:48 UTC,427,26.90,42.00,101138,2957,
2025-11-24 16:43:19 UTC,428,26.90,42.00,101142,2681,
2025-11-24 16:43:50 UTC,429,26.90,42.00,101136,2751,
2025-11-24 16:44:21 UTC,430,26.90,42.00,101137,2830,
2025-11-24 16:45:27 UTC,431,27.00,42.00,101136,3024,
2025-11-24 16:45:58 UTC,432,27.00,42.00,101135,3104,
2025-11-24 16:46:29 UTC,433,27.00,42.00,101139,3166,
2025-11-24 16:47:17 UTC,434,,,,,0
2025-11-24 16:47:35 UTC,435,27.00,42.00,101139,3307,
2025-11-24 16:48:06 UTC,436,26.90,42.00,101139,3397,
2025-11-24 16:48:38 UTC,437,26.90,42.00,101132,3470,
2025-11-24 16:49:09 UTC,438,26.90,42.00,101142,3534,
2025-11-24 16:49:40 UTC,439,27.00,42.00,101136,3576,
2025-11-24 16:50:10 UTC,440,,,,,0
2025-11-24 16:50:29 UTC,441,,,,,0
2025-11-24 16:51:12 UTC,442,26.90,42.00,101139,3575,
2025-11-24 16:51:43 UTC,443,26.90,42.00,101140,3655,
2025-11-24 16:52:14 UTC,444,26.90,42.00,101138,3654,
2025-11-24 16:52:49 UTC,445,,,,,0
2025-11-24 16:53:15 UTC,446,26.90,42.00,101138,3735,
2025-11-24 16:53:47 UTC,447,26.90,42.00,101145,3793,
2025-11-24 16:54:18 UTC,448,26.90,42.00,101134,3813,
2025-11-24 16:54:49 UTC,449,26.90,42.00,101135,3835,
2025-11-24 16:55:20 UTC,450,26.90,42.00,101136,3839,
2025-11-24 16:55:51 UTC,451,26.90,42.00,101138,3831,
2025-11-24 16:56:22 UTC,452,26.90,42.00,101139,3842,
2025-11-24 16:56:53 UTC,453,26.90,42.00,101140,2123,
2025-11-24 16:57:11 UTC,454,,,,,0
2025-11-24 16:57:55 UTC,455,26.90,42.00,101139,2127,
2025-11-24 16:58:26 UTC,456,26.90,42.00,101143,2177,
2025-11-24 16:58:57 UTC,457,26.90,42.00,101136,2267,
2025-11-24 16:59:23 UTC,458,,,,,0
2025-11-24 16:59:59 UTC,459,26.90,42.00,101139,2336,
2025-11-24 17:00:28 UTC,460,,,,,0
2025-11-24 17:01:04 UTC,461,26.90,42.00,101139,2743,
2025-11-24 17:01:35 UTC,462,26.90,41.00,101139,2694,
2025-11-24 17:02:06 UTC,463,26.90,42.00,101134,2417,
2025-11-24 17:04:55 UTC,464,26.90,42.00,101143,2981,
2025-11-24 17:05:26 UTC,465,26.90,42.00,101138,3069,
2025-11-24 17:05:57 UTC,466,26.90,41.00,101138,3185,
2025-11-24 17:06:28 UTC,467,26.90,42.00,101135,3349,
2025-11-24 17:06:59 UTC,468,26.90,41.00,101129,3533,
2025-11-24 17:07:30 UTC,469,26.90,41.00,101136,3746,
2025-11-24 17:08:01 UTC,470,26.90,42.00,101132,3809,
2025-11-24 17:08:32 UTC,471,26.90,41.00,101143,3834,
2025-11-24 17:09:00 UTC,472,,,,,0
2025-11-24 17:09:34 UTC,473,26.90,41.00,101133,3826,
2025-11-24 17:10:05 UTC,474,26.90,41.00,101134,3822,
2025-11-24 17:10:29 UTC,475,,,,,0
2025-11-24 17:11:07 UTC,476,26.90,41.00,101137,3821,
2025-11-24 17:11:38 UTC,477,26.90,41.00,101138,3824,
2025-11-24 17:12:09 UTC,478,26.90,41.00,101138,3825,
2025-11-24 17:12:40 UTC,479,26.90,41.00,101135,3824,
2025-11-24 17:13:11 UTC,480,26.90,41.00,101135,3831,
2025-11-24 17:13:42 UTC,481,26.90,41.00,101138,3841,
2025-11-24 17:14:13 UTC,482,26.90,41.00,101133,3853,
2025-11-24 17:14:44 UTC,483,26.90,41.00,101138,3856,
2025-11-24 17:15:15 UTC,484,26.90,41.00,101142,3853,
2025-11-24 17:15:46 UTC,485,26.90,41.00,101137,3872,
2025-11-24 17:16:17 UTC,486,26.90,41.00,101142,3888,
2025-11-24 17:16:48 UTC,487,26.90,41.00,101142,3920,
2025-11-24 17:17:19 UTC,488,26.90,41.00,101143,3966,
2025-11-24 17:17:50 UTC,489,26.90,41.00,101138,4027,
2025-11-24 17:18:21 UTC,490,26.90,41.00,101144,4095,
2025-11-24 17:18:52 UTC,491,26.90,41.00,101141,4095,
2025-11-24 17:19:23 UTC,492,26.90,41.00,101143,4095,
2025-11-24 17:19:54 UTC,493,26.90,41.00,101138,4095,
2025-11-24 17:20:25 UTC,494,26.90,41.00,101138,4095,
2025-11-24 17:20:56 UTC,495,26.90,41.00,101136,4095,
2025-11-24 17:21:27 UTC,496,26.90,41.00,101136,4095,
2025-11-24 17:21:58 UTC,497,26.90,41.00,101144,4095,
2025-11-24 17:22:29 UTC,498,26.90,41.00,101141,4095,
2025-11-24 17:23:00 UTC,499,26.90,41.00,101140,4095,
2025-11-24 17:23:19 UTC,500,,,,,0
2025-11-24 17:24:02 UTC,501,26.80,41.00,101138,4095,
2025-11-24 17:24:33 UTC,502,26.80,41.00,101141,4095,
2025-11-24 17:25:04 UTC,503,26.80,41.00,101148,4095,
2025-11-24 17:25:28 UTC,504,,,,,0
2025-11-24 17:26:06 UTC,505,26.80,41.00,101143,4095,
2025-11-24 17:26:38 UTC,506,26.80,41.00,101137,4095,
2025-11-24 17:27:09 UTC,507,26.80,41.00,101140,4095,
2025-11-24 17:27:41 UTC,508,26.80,41.00,101140,4095,
2025-11-24 17:28:12 UTC,509,26.80,41.00,101138,4095,
2025-11-24 17:28:43 UTC,510,26.80,41.00,101139,4095,
2025-11-24 17:29:14 UTC,511,26.80,41.00,101138,4095,
2025-11-24 17:29:45 UTC,512,26.80,41.00,101138,4095,
2025-11-24 17:30:16 UTC,513,26.80,41.00,101138,4095,
2025-11-24 17:30:47 UTC,514,26.80,41.00,101137,4095,
2025-11-24 17:31:18 UTC,515,26.80,41.00,101141,4095,
2025-11-24 17:31:50 UTC,516,26.80,41.00,101138,4095,
2025-11-24 17:32:20 UTC,517,26.80,41.00,101144,3163,
2025-11-24 17:32:52 UTC,518,26.90,41.00,101141,4095,
2025-11-24 17:33:23 UTC,519,26.90,41.00,101143,4095,
2025-11-24 17:33:54 UTC,520,26.90,41.00,101140,4095,
2025-11-24 17:34:15 UTC,521,,,,,0
2025-11-24 17:35:28 UTC,522,,,,,0
2025-11-24 17:40:29 UTC,523,,,,,0
2025-11-24 17:45:29 UTC,524,,,,,0
2025-11-24 17:50:29 UTC,525,,,,,0
2025-11-24 17:55:27 UTC,526,,,,,0
2025-11-24 18:00:42 UTC,527,,,,,0
2025-11-24 18:05:29 UTC,528,,,,,0
2025-11-24 18:10:29 UTC,529,,,,,0
2025-11-24 18:15:29 UTC,530,,,,,0
2025-11-24 18:20:29 UTC,531,,,,,0
2025-11-24 18:25:28 UTC,532,,,,,0
2025-11-24 18:30:28 UTC,533,,,,,0
2025-11-24 18:35:29 UTC,534,,,,,0
2025-11-24 18:40:38 UTC,535,,,,,0
2025-11-24 18:45:28 UTC,536,,,,,0
2025-11-24 18:50:29 UTC,537,,,,,0
2025-11-24 18:55:28 UTC,538,,,,,0
2025-11-24 19:00:38 UTC,539,,,,,0
2025-11-24 19:05:28 UTC,540,,,,,0
2025-11-24 19:10:31 UTC,541,,,,,0
2025-11-24 19:15:28 UTC,542,,,,,0
2025-11-24 19:20:37 UTC,543,,,,,0
2025-11-24 19:25:27 UTC,544,,,,,0
2025-11-24 19:30:28 UTC,545,,,,,0
2025-11-24 19:35:27 UTC,546,,,,,0
2025-11-24 19:40:29 UTC,547,,,,,0
2025-11-24 19:45:28 UTC,548,,,,,0
2025-11-24 19:50:29 UTC,549,,,,,0
2025-11-24 19:55:28 UTC,550,,,,,0
2025-11-24 20:00:29 UTC,551,,,,,0
2025-11-24 20:05:28 UTC,552,,,,,0
2025-11-24 20:10:41 UTC,553,,,,,0
2025-11-24 20:15:28 UTC,554,,,,,0
2025-11-24 20:20:28 UTC,555,,,,,0
2025-11-24 20:25:29 UTC,556,,,,,0
2025-11-24 20:30:38 UTC,557,,,,,0
2025-11-24 20:35:28 UTC,558,,,,,0
2025-11-24 20:40:31 UTC,559,,,,,0
2025-11-24 20:45:28 UTC,560,,,,,0
2025-11-24 20:50:44 UTC,561,,,,,0
2025-11-24 20:55:29 UTC,562,,,,,0
2025-11-24 21:00:28 UTC,563,,,,,0
2025-11-24 21:05:30 UTC,564,,,,,0
2025-11-24 21:10:28 UTC,565,,,,,0
2025-11-24 21:15:27 UTC,566,,,,,0
2025-11-24 21:20:28 UTC,567,,,,,0
2025-11-24 21:25:28 UTC,568,,,,,0
2025-11-24 21:30:29 UTC,569,,,,,0
2025-11-24 21:40:33 UTC,570,,,,,0
2025-11-24 21:45:28 UTC,571,,,,,0
2025-11-24 21:50:28 UTC,572,,,,,0
2025-11-24 21:55:31 UTC,573,,,,,0
2025-11-24 22:00:38 UTC,574,,,,,0
2025-11-24 22:05:50 UTC,575,,,,,0
2025-11-24 22:10:38 UTC,576,,,,,0
2025-11-24 22:15:28 UTC,577,,,,,0
2025-11-24 22:20:28 UTC,578,,,,,0
2025-11-24 22:25:32 UTC,579,,,,,0
2025-11-24 22:30:29 UTC,580,,,,,0
2025-11-24 22:35:28 UTC,581,,,,,0
2025-11-24 22:40:29 UTC,582,,,,,0
2025-11-24 22:45:27 UTC,583,,,,,0
2025-11-24 22:50:28 UTC,584,,,,,0
2025-11-24 22:55:29 UTC,585,,,,,0
2025-11-24 23:00:30 UTC,586,,,,,0
2025-11-24 23:05:29 UTC,587,,,,,0
2025-11-24 23:10:29 UTC,588,,,,,0
2025-11-24 23:15:28 UTC,589,,,,,0
2025-11-24 23:20:29 UTC,590,,,,,0
2025-11-24 23:25:27 UTC,591,,,,,0
2025-11-24 23:30:28 UTC,592,,,,,0
2025-11-24 23:35:28 UTC,593,,,,,0
2025-11-24 23:40:29 UTC,594,,,,,0
2025-11-24 23:45:29 UTC,595,,,,,0
2025-11-24 23:50:29 UTC,596,,,,,0
2025-11-24 23:55:27 UTC,597,,,,,0
2025-11-25 00:00:29 UTC,598,,,,,0
2025-11-25 00:05:29 UTC,599,,,,,0
2025-11-25 00:10:29 UTC,600,,,,,0
2025-11-25 00:15:28 UTC,601,,,,,0
2025-11-25 00:20:30 UTC,602,,,,,0
2025-11-25 00:25:27 UTC,603,,,,,0
2025-11-25 00:30:28 UTC,604,,,,,0
2025-11-25 00:35:27 UTC,605,,,,,0
2025-11-25 00:40:28 UTC,606,,,,,0
2025-11-25 00:45:28 UTC,607,,,,,0
2025-11-25 00:50:33 UTC,608,,,,,0
2025-11-25 00:55:28 UTC,609,,,,,0
2025-11-25 01:00:28 UTC,610,,,,,0
2025-11-25 01:05:35 UTC,611,,,,,0
2025-11-25 01:10:29 UTC,612,,,,,0
2025-11-25 01:15:31 UTC,613,,,,,0
2025-11-25 01:20:29 UTC,614,,,,,0
2025-11-25 01:25:28 UTC,615,,,,,0
2025-11-25 01:30:49 UTC,616,,,,,0
2025-11-25 01:35:29 UTC,617,,,,,0
2025-11-25 01:40:29 UTC,618,,,,,0
2025-11-25 01:45:27 UTC,619,,,,,0
2025-11-25 01:50:29 UTC,620,,,,,0
2025-11-25 01:55:27 UTC,621,,,,,0
2025-11-25 02:00:28 UTC,622,,,,,0
2025-11-25 02:05:27 UTC,623,,,,,0
2025-11-25 02:10:28 UTC,624,,,,,0
2025-11-25 02:15:28 UTC,625,,,,,0
2025-11-25 02:20:27 UTC,626,,,,,0
2025-11-25 02:25:30 UTC,627,,,,,0
2025-11-25 02:30:28 UTC,628,,,,,0
2025-11-25 02:35:29 UTC,629,,,,,0
2025-11-25 02:40:48 UTC,630,,,,,0
2025-11-25 02:45:30 UTC,631,,,,,0
2025-11-25 02:50:28 UTC,632,,,,,0
2025-11-25 02:55:28 UTC,633,,,,,0
2025-11-25 03:00:41 UTC,634,,,,,0
2025-11-25 03:05:28 UTC,635,,,,,0
2025-11-25 03:10:29 UTC,636,,,,,0
2025-11-25 03:15:28 UTC,637,,,,,0
2025-11-25 03:20:51 UTC,638,,,,,0
2025-11-25 03:25:27 UTC,639,,,,,0
2025-11-25 03:30:29 UTC,640,,,,,0
2025-11-25 03:35:30 UTC,641,,,,,0
2025-11-25 03:40:29 UTC,642,,,,,0
2025-11-25 03:45:29 UTC,643,,,,,0
2025-11-25 03:50:29 UTC,644,,,,,0
2025-11-25 03:55:28 UTC,645,,,,,0
2025-11-25 04:00:28 UTC,646,,,,,0
2025-11-25 04:05:32 UTC,647,,,,,0
2025-11-25 04:10:30 UTC,648,,,,,0
2025-11-25 04:15:27 UTC,649,,,,,0
2025-11-25 04:20:28 UTC,650,,,,,0
2025-11-25 04:25:27 UTC,651,,,,,0
2025-11-25 04:30:29 UTC,652,,,,,0
2025-11-25 04:35:28 UTC,653,,,,,0
2025-11-25 04:40:29 UTC,654,,,,,0
2025-11-25 04:45:27 UTC,655,,,,,0
2025-11-25 04:50:28 UTC,656,,,,,0
2025-11-25 04:55:28 UTC,657,,,,,0
2025-11-25 05:00:44 UTC,658,,,,,0
2025-11-25 05:05:29 UTC,659,,,,,0
2025-11-25 05:10:28 UTC,660,,,,,0
2025-11-25 05:15:28 UTC,661,,,,,0
2025-11-25 05:20:29 UTC,662,,,,,0
2025-11-25 05:25:27 UTC,663,,,,,0
2025-11-25 05:30:29 UTC,664,,,,,0
2025-11-25 05:35:27 UTC,665,,,,,0
2025-11-25 05:40:32 UTC,666,,,,,0
2025-11-25 05:45:27 UTC,667,,,,,0
2025-11-25 05:50:28 UTC,668,,,,,0
2025-11-25 05:55:27 UTC,669,,,,,0
2025-11-25 06:00:28 UTC,670,,,,,0
2025-11-25 06:05:30 UTC,671,,,,,0
2025-11-25 06:10:29 UTC,672,,,,,0
2025-11-25 06:15:27 UTC,673,,,,,0
2025-11-25 06:20:29 UTC,674,,,,,0
2025-11-25 06:25:28 UTC,675,,,,,0
2025-11-25 06:30:28 UTC,676,,,,,0
2025-11-25 06:35:29 UTC,677,,,,,0
2025-11-25 06:40:29 UTC,678,,,,,0
2025-11-25 06:45:28 UTC,679,,,,,0
2025-11-25 06:50:32 UTC,680,,,,,0
2025-11-25 06:55:27 UTC,681,,,,,0
2025-11-25 07:00:41 UTC,682,,,,,0
2025-11-25 07:05:57 UTC,683,,,,,0
2025-11-25 07:10:32 UTC,684,,,,,0
2025-11-25 07:15:28 UTC,685,,,,,0
2025-11-25 07:20:28 UTC,686,,,,,0
2025-11-25 07:25:27 UTC,687,,,,,0
2025-11-25 07:30:29 UTC,688,,,,,0
2025-11-25 07:35:28 UTC,689,,,,,0
2025-11-25 07:40:38 UTC,690,,,,,0
2025-11-25 07:45:28 UTC,691,,,,,0
2025-11-25 07:50:29 UTC,692,,,,,0
2025-11-25 07:55:29 UTC,693,,,,,0
2025-11-25 08:01:00 UTC,694,,,,,0
2025-11-25 08:05:28 UTC,695,,,,,0
2025-11-25 08:10:35 UTC,696,,,,,0
2025-11-25 08:15:27 UTC,697,,,,,0
2025-11-25 08:20:31 UTC,698,,,,,0
2025-11-25 08:25:28 UTC,699,,,,,0
2025-11-25 08:30:28 UTC,700,,,,,0
2025-11-25 08:35:28 UTC,701,,,,,0
2025-11-25 08:40:40 UTC,702,,,,,0
2025-11-25 08:45:28 UTC,703,,,,,0
2025-11-25 08:50:28 UTC,704,,,,,0
2025-11-25 08:55:28 UTC,705,,,,,0
2025-11-25 09:00:28 UTC,706,,,,,0
2025-11-25 09:05:28 UTC,707,,,,,0
2025-11-25 09:10:32 UTC,708,,,,,0
2025-11-25 09:15:37 UTC,709,,,,,0
2025-11-25 09:20:29 UTC,710,,,,,0
2025-11-25 09:25:29 UTC,711,,,,,0
2025-11-25 09:30:33 UTC,712,,,,,0
2025-11-25 09:35:36 UTC,713,,,,,0
2025-11-25 09:40:28 UTC,714,,,,,0
2025-11-25 09:45:28 UTC,715,,,,,0
2025-11-25 09:50:28 UTC,716,,,,,0
2025-11-25 09:55:27 UTC,717,,,,,0
2025-11-25 10:00:28 UTC,718,,,,,0
2025-11-25 10:05:27 UTC,719,,,,,0
2025-11-25 10:10:29 UTC,720,,,,,0
2025-11-25 10:15:30 UTC,721,,,,,0
2025-11-25 10:20:30 UTC,722,,,,,0
2025-11-25 10:25:28 UTC,723,,,,,0
2025-11-25 10:30:28 UTC,724,,,,,0
2025-11-25 10:35:28 UTC,725,,,,,0
2025-11-25 10:40:28 UTC,726,,,,,0
2025-11-25 10:45:28 UTC,727,,,,,0
2025-11-25 10:50:28 UTC,728,,,,,0
2025-11-25 10:55:27 UTC,729,,,,,0
2025-11-25 11:00:38 UTC,730,,,,,0
2025-11-25 11:05:27 UTC,731,,,,,0
2025-11-25 11:10:29 UTC,732,,,,,0
2025-11-25 11:15:32 UTC,733,,,,,0
2025-11-25 11:20:28 UTC,734,,,,,0
2025-11-25 11:25:28 UTC,735,,,,,0
2025-11-25 11:30:29 UTC,736,,,,,0
2025-11-25 11:35:28 UTC,737,,,,,0
2025-11-25 11:40:34 UTC,738,,,,,0
2025-11-25 11:45:28 UTC,739,,,,,0
2025-11-25 11:50:29 UTC,740,,,,,0
2025-11-25 11:55:32 UTC,741,,,,,0
2025-11-25 12:00:29 UTC,742,,,,,0
2025-11-25 12:05:28 UTC,743,,,,,0
2025-11-25 12:10:28 UTC,744,,,,,0
2025-11-25 12:15:30 UTC,745,,,,,0
2025-11-25 12:20:34 UTC,746,,,,,0
2025-11-25 12:25:28 UTC,747,,,,,0
2025-11-25 12:30:28 UTC,748,,,,,0
2025-11-25 12:35:27 UTC,749,,,,,0
2025-11-25 12:40:29 UTC,750,,,,,0
2025-11-25 12:45:28 UTC,751,,,,,0
2025-11-25 12:50:29 UTC,752,,,,,0
2025-11-25 12:55:28 UTC,753,,,,,0
2025-11-25 13:00:28 UTC,754,,,,,0
2025-11-25 13:05:29 UTC,755,,,,,0
2025-11-25 13:10:31 UTC,756,,,,,0
2025-11-25 13:15:28 UTC,757,,,,,0
2025-11-25 13:20:42 UTC,758,,,,,0
2025-11-25 13:25:29 UTC,759,,,,,0
2025-11-25 13:30:51 UTC,760,,,,,0
2025-11-25 13:35:30 UTC,761,,,,,0
2025-11-25 13:40:27 UTC,762,,,,,0
2025-11-25 13:45:27 UTC,763,,,,,0
2025-11-25 13:50:34 UTC,764,,,,,0
2025-11-25 13:55:27 UTC,765,,,,,0
2025-11-25 14:00:29 UTC,766,,,,,0
2025-11-25 14:05:32 UTC,767,,,,,0
2025-11-25 14:10:28 UTC,768,,,,,0
2025-11-25 14:15:28 UTC,769,,,,,0
2025-11-25 14:20:48 UTC,770,,,,,0
2025-11-25 14:30:29 UTC,771,,,,,0
2025-11-25 14:35:27 UTC,772,,,,,0
2025-11-25 14:40:49 UTC,773,,,,,0
2025-11-25 14:45:28 UTC,774,,,,,0
2025-11-25 14:50:28 UTC,775,,,,,0
2025-11-25 14:55:28 UTC,776,,,,,0
2025-11-25 15:00:28 UTC,777,,,,,0
2025-11-25 15:05:29 UTC,778,,,,,0
2025-11-25 15:10:50 UTC,779,,,,,0
2025-11-25 15:15:29 UTC,780,,,,,0
2025-11-25 15:20:30 UTC,781,,,,,0
2025-11-25 15:25:30 UTC,782,,,,,0
2025-11-25 15:30:33 UTC,783,,,,,0
2025-11-25 15:35:29 UTC,784,,,,,0
2025-11-25 15:40:29 UTC,785,,,,,0
2025-11-25 15:45:28 UTC,786,,,,,0
2025-11-25 15:50:28 UTC,787,,,,,0
2025-11-25 15:55:28 UTC,788,,,,,0
2025-11-25 16:00:28 UTC,789,,,,,0
2025-11-25 16:05:28 UTC,790,,,,,0
2025-11-25 16:10:34 UTC,791,,,,,0
2025-11-25 16:15:39 UTC,792,,,,,0
2025-11-25 16:20:30 UTC,793,,,,,0
2025-11-25 16:25:28 UTC,794,,,,,0
2025-11-25 16:30:43 UTC,795,,,,,0
2025-11-25 16:40:28 UTC,796,,,,,0
2025-11-25 16:45:28 UTC,797,,,,,0
2025-11-25 16:50:29 UTC,798,,,,,0
2025-11-25 16:55:28 UTC,799,,,,,0
2025-11-25 17:00:28 UTC,800,,,,,0
2025-11-25 17:05:29 UTC,801,,,,,0
2025-11-25 17:10:28 UTC,802,,,,,0
2025-11-25 17:15:27 UTC,803,,,,,0
2025-11-25 17:20:29 UTC,804,,,,,0
2025-11-25 17:25:28 UTC,805,,,,,0
2025-11-25 17:30:29 UTC,806,,,,,0
2025-11-25 17:35:27 UTC,807,,,,,0
2025-11-25 17:40:35 UTC,808,,,,,0
2025-11-25 17:45:27 UTC,809,,,,,0
2025-11-25 17:50:29 UTC,810,,,,,0
2025-11-25 17:55:30 UTC,811,,,,,0
2025-11-25 18:00:28 UTC,812,,,,,0
2025-11-25 18:05:34 UTC,813,,,,,0
2025-11-25 18:10:28 UTC,814,,,,,0
2025-11-25 18:15:27 UTC,815,,,,,0
2025-11-25 18:20:28 UTC,816,,,,,0
2025-11-25 18:25:29 UTC,817,,,,,0
2025-11-25 18:30:27 UTC,818,,,,,0
2025-11-25 18:35:29 UTC,819,,,,,0
2025-11-25 18:40:28 UTC,820,,,,,0
2025-11-25 18:45:27 UTC,821,,,,,0
2025-11-25 18:50:29 UTC,822,,,,,0
2025-11-25 18:55:28 UTC,823,,,,,0
2025-11-25 19:00:28 UTC,824,,,,,0
2025-11-25 19:10:37 UTC,825,,,,,0
2025-11-25 19:15:27 UTC,826,,,,,0
2025-11-25 19:20:29 UTC,827,,,,,0
2025-11-25 19:25:27 UTC,828,,,,,0
2025-11-25 19:30:28 UTC,829,,,,,0
2025-11-25 19:35:28 UTC,830,,,,,0
2025-11-25 19:40:29 UTC,831,,,,,0
2025-11-25 19:45:27 UTC,832,,,,,0
2025-11-25 19:50:29 UTC,833,,,,,0
2025-11-25 19:55:27 UTC,834,,,,,0
2025-11-25 20:00:28 UTC,835,,,,,0
2025-11-25 20:05:29 UTC,836,,,,,0
2025-11-25 20:10:28 UTC,837,,,,,0
2025-11-25 20:15:27 UTC,838,,,,,0
2025-11-25 20:20:28 UTC,839,,,,,0
2025-11-25 20:25:28 UTC,840,,,,,0
2025-11-25 20:30:50 UTC,841,,,,,0
2025-11-25 20:35:28 UTC,842,,,,,0
2025-11-25 20:40:29 UTC,843,,,,,0
2025-11-25 20:45:28 UTC,844,,,,,0
2025-11-25 20:50:28 UTC,845,,,,,0
2025-11-25 20:55:28 UTC,846,,,,,0
2025-11-25 21:00:28 UTC,847,,,,,0
2025-11-25 21:05:55 UTC,848,,,,,0
2025-11-25 21:10:29 UTC,849,,,,,0
2025-11-25 21:15:27 UTC,850,,,,,0
2025-11-25 21:20:28 UTC,851,,,,,0
2025-11-25 21:25:27 UTC,852,,,,,0
2025-11-25 21:30:29 UTC,853,,,,,0
2025-11-25 21:35:27 UTC,854,,,,,0
2025-11-25 21:40:29 UTC,855,,,,,0
2025-11-25 21:45:28 UTC,856,,,,,0
2025-11-25 21:50:31 UTC,857,,,,,0
2025-11-25 21:55:27 UTC,858,,,,,0
2025-11-25 22:00:29 UTC,859,,,,,0
2025-11-25 22:10:29 UTC,860,,,,,0
2025-11-25 22:15:28 UTC,861,,,,,0
2025-11-25 22:20:43 UTC,862,,,,,0
2025-11-25 22:25:27 UTC,863,,,,,0
2025-11-25 22:30:29 UTC,864,,,,,0
2025-11-25 22:35:27 UTC,865,,,,,0
2025-11-25 22:40:28 UTC,866,,,,,0
2025-11-25 22:45:33 UTC,867,,,,,0
2025-11-25 22:50:28 UTC,868,,,,,0
2025-11-25 22:55:27 UTC,869,,,,,0
2025-11-25 23:00:28 UTC,870,,,,,0
2025-11-25 23:05:28 UTC,871,,,,,0
2025-11-25 23:10:28 UTC,872,,,,,0
2025-11-25 23:15:29 UTC,873,,,,,0
2025-11-25 23:20:30 UTC,874,,,,,0
2025-11-25 23:25:29 UTC,875,,,,,0
2025-11-25 23:30:29 UTC,876,,,,,0
2025-11-25 23:35:29 UTC,877,,,,,0
2025-11-25 23:40:29 UTC,878,,,,,0
2025-11-25 23:45:27 UTC,879,,,,,0
2025-11-25 23:50:29 UTC,880,,,,,0
2025-11-25 23:55:27 UTC,881,,,,,0
2025-11-26 00:00:29 UTC,882,,,,,0
2025-11-26 00:05:28 UTC,883,,,,,0
2025-11-26 00:10:28 UTC,884,,,,,0
2025-11-26 00:15:27 UTC,885,,,,,0
2025-11-26 00:20:29 UTC,886,,,,,0
2025-11-26 00:25:28 UTC,887,,,,,0
2025-11-26 00:30:42 UTC,888,,,,,0
2025-11-26 00:35:30 UTC,889,,,,,0
2025-11-26 00:40:29 UTC,890,,,,,0
2025-11-26 00:45:28 UTC,891,,,,,0
2025-11-26 00:50:28 UTC,892,,,,,0
2025-11-26 00:55:27 UTC,893,,,,,0
2025-11-26 01:00:29 UTC,894,,,,,0
2025-11-26 01:05:44 UTC,895,,,,,0
2025-11-26 01:10:29 UTC,896,,,,,0
2025-11-26 01:15:28 UTC,897,,,,,0
2025-11-26 01:20:28 UTC,898,,,,,0
2025-11-26 01:25:28 UTC,899,,,,,0
2025-11-26 01:30:28 UTC,900,,,,,0
2025-11-26 01:35:28 UTC,901,,,,,0
2025-11-26 01:40:28 UTC,902,,,,,0
2025-11-26 01:45:30 UTC,903,,,,,0
2025-11-26 01:50:28 UTC,904,,,,,0
2025-11-26 01:55:28 UTC,905,,,,,0
2025-11-26 02:00:50 UTC,906,,,,,0
2025-11-26 02:05:28 UTC,907,,,,,0
2025-11-26 02:10:28 UTC,908,,,,,0
2025-11-26 02:15:30 UTC,909,,,,,0
2025-11-26 02:20:28 UTC,910,,,,,0
2025-11-26 02:25:28 UTC,911,,,,,0
2025-11-26 02:30:29 UTC,912,,,,,0
2025-11-26 02:35:37 UTC,913,,,,,0
2025-11-26 02:40:29 UTC,914,,,,,0
2025-11-26 02:45:28 UTC,915,,,,,0
2025-11-26 02:50:29 UTC,916,,,,,0
2025-11-26 02:55:28 UTC,917,,,,,0
2025-11-26 03:00:29 UTC,918,,,,,0
2025-11-26 03:05:29 UTC,919,,,,,0
2025-11-26 03:10:29 UTC,920,,,,,0
2025-11-26 03:15:31 UTC,921,,,,,0
2025-11-26 03:20:28 UTC,922,,,,,0
2025-11-26 03:25:27 UTC,923,,,,,0
2025-11-26 03:30:29 UTC,924,,,,,0
2025-11-26 03:35:30 UTC,925,,,,,0
2025-11-26 03:40:29 UTC,926,,,,,0
2025-11-26 03:45:27 UTC,927,,,,,0
2025-11-26 03:50:29 UTC,928,,,,,0
2025-11-26 03:55:28 UTC,929,,,,,0
2025-11-26 04:00:28 UTC,930,,,,,0
2025-11-26 04:05:31 UTC,931,,,,,0
2025-11-26 04:10:29 UTC,932,,,,,0
2025-11-26 04:15:30 UTC,933,,,,,0
2025-11-26 04:20:30 UTC,934,,,,,0
2025-11-26 04:25:27 UTC,935,,,,,0
2025-11-26 04:30:28 UTC,936,,,,,0
2025-11-26 04:35:27 UTC,937,,,,,0
2025-11-26 04:40:28 UTC,938,,,,,0
2025-11-26 04:45:27 UTC,939,,,,,0
2025-11-26 04:50:29 UTC,940,,,,,0
2025-11-26 04:55:27 UTC,941,,,,,0
2025-11-26 05:00:46 UTC,942,,,,,0
2025-11-26 05:05:30 UTC,943,,,,,0
2025-11-26 05:10:28 UTC,944,,,,,0
2025-11-26 05:15:29 UTC,945,,,,,0
2025-11-26 05:20:28 UTC,946,,,,,0
2025-11-26 05:25:29 UTC,947,,,,,0
2025-11-26 05:30:29 UTC,948,,,,,0
2025-11-26 05:35:29 UTC,949,,,,,0
2025-11-26 05:40:29 UTC,950,,,,,0
2025-11-26 05:45:28 UTC,951,,,,,0
2025-11-26 05:50:29 UTC,952,,,,,0
2025-11-26 05:55:28 UTC,953,,,,,0
2025-11-26 06:00:44 UTC,954,,,,,0
2025-11-26 06:05:27 UTC,955,,,,,0
2025-11-26 06:10:29 UTC,956,,,,,0
2025-11-26 06:15:28 UTC,957,,,,,0
2025-11-26 06:20:27 UTC,958,,,,,0
2025-11-26 06:25:27 UTC,959,,,,,0
2025-11-26 06:30:29 UTC,960,,,,,0
2025-11-26 06:35:29 UTC,961,,,,,0
2025-11-26 06:40:29 UTC,962,,,,,0
2025-11-26 06:45:28 UTC,963,,,,,0
2025-11-26 06:50:29 UTC,964,,,,,0
2025-11-26 06:55:28 UTC,965,,,,,0
2025-11-26 07:00:28 UTC,966,,,,,0
2025-11-26 07:05:40 UTC,967,,,,,0
2025-11-26 07:10:28 UTC,968,,,,,0
2025-11-26 07:15:28 UTC,969,,,,,0
2025-11-26 07:20:29 UTC,970,,,,,0
2025-11-26 07:25:28 UTC,971,,,,,0
2025-11-26 07:30:28 UTC,972,,,,,0
2025-11-26 07:35:27 UTC,973,,,,,0
2025-11-26 07:40:29 UTC,974,,,,,0
2025-11-26 07:45:27 UTC,975,,,,,0
2025-11-26 07:50:28 UTC,976,,,,,0
2025-11-26 07:55:28 UTC,977,,,,,0
2025-11-26 08:00:30 UTC,978,,,,,0
2025-11-26 08:05:28 UTC,979,,,,,0
2025-11-26 08:10:28 UTC,980,,,,,0
2025-11-26 08:15:27 UTC,981,,,,,0
2025-11-26 08:20:28 UTC,982,,,,,0
2025-11-26 08:25:28 UTC,983,,,,,0
2025-11-26 08:30:28 UTC,984,,,,,0
2025-11-26 08:35:27 UTC,985,,,,,0
2025-11-26 08:40:29 UTC,986,,,,,0
2025-11-26 08:45:27 UTC,987,,,,,0
2025-11-26 08:50:28 UTC,988,,,,,0
2025-11-26 08:55:28 UTC,989,,,,,0
2025-11-26 09:00:43 UTC,990,,,,,0
2025-11-26 09:05:28 UTC,991,,,,,0
2025-11-26 09:10:33 UTC,992,,,,,0
2025-11-26 09:15:29 UTC,993,,,,,0
2025-11-26 09:20:29 UTC,994,,,,,0
2025-11-26 09:25:34 UTC,995,,,,,0
2025-11-26 09:30:28 UTC,996,,,,,0
2025-11-26 09:35:27 UTC,997,,,,,0
2025-11-26 09:40:29 UTC,998,,,,,0
2025-11-26 09:45:28 UTC,999,,,,,0
2025-11-26 09:50:29 UTC,1000,,,,,0
2025-11-26 09:55:27 UTC,1001,,,,,0
2025-11-26 10:00:29 UTC,1002,,,,,0
2025-11-26 10:05:31 UTC,1003,,,,,0
2025-11-26 10:10:29 UTC,1004,,,,,0
2025-11-26 10:15:28 UTC,1005,,,,,0
2025-11-26 10:20:29 UTC,1006,,,,,0
2025-11-26 10:25:27 UTC,1007,,,,,0
2025-11-26 10:30:28 UTC,1008,,,,,0
2025-11-26 10:35:27 UTC,1009,,,,,0
2025-11-26 10:40:29 UTC,1010,,,,,0
2025-11-26 10:45:27 UTC,1011,,,,,0
2025-11-26 10:50:28 UTC,1012,,,,,0
2025-11-26 10:55:29 UTC,1013,,,,,0
2025-11-26 11:00:28 UTC,1014,,,,,0
2025-11-26 11:05:29 UTC,1015,,,,,0
2025-11-26 11:10:27 UTC,1016,,,,,0
2025-11-26 11:15:28 UTC,1017,,,,,0
2025-11-26 11:20:29 UTC,1018,,,,,0
2025-11-26 11:25:27 UTC,1019,,,,,0
2025-11-26 11:30:28 UTC,1020,,,,,0
2025-11-26 11:35:28 UTC,1021,,,,,0
2025-11-26 11:40:29 UTC,1022,,,,,0
2025-11-26 11:45:29 UTC,1023,,,,,0
2025-11-26 11:50:29 UTC,1024,,,,,0
2025-11-26 11:55:27 UTC,1025,,,,,0
2025-11-26 12:00:36 UTC,1026,,,,,0
2025-11-26 12:05:28 UTC,1027,,,,,0
2025-11-26 12:10:29 UTC,1028,,,,,0
2025-11-26 12:15:28 UTC,1029,,,,,0
2025-11-26 12:20:28 UTC,1030,,,,,0
2025-11-26 12:25:29 UTC,1031,,,,,0
2025-11-26 12:30:28 UTC,1032,,,,,0
2025-11-26 12:35:29 UTC,1033,,,,,0
2025-11-26 12:40:38 UTC,1034,,,,,0
2025-11-26 12:45:28 UTC,1035,,,,,0
2025-11-26 12:50:29 UTC,1036,,,,,0
2025-11-26 12:55:27 UTC,1037,,,,,0
2025-11-26 13:00:33 UTC,1038,,,,,0
2025-11-26 13:05:53 UTC,1039,,,,,0
2025-11-26 13:10:29 UTC,1040,,,,,0
2025-11-26 13:15:28 UTC,1041,,,,,0
2025-11-26 13:20:30 UTC,1042,,,,,0
2025-11-26 13:25:28 UTC,1043,,,,,0
2025-11-26 13:30:28 UTC,1044,,,,,0
2025-11-26 13:35:32 UTC,1045,,,,,0
2025-11-26 13:40:29 UTC,1046,,,,,0
2025-11-26 13:45:27 UTC,1047,,,,,0
2025-11-26 13:50:29 UTC,1048,,,,,0
2025-11-26 13:55:29 UTC,1049,,,,,0
2025-11-26 14:00:52 UTC,1050,,,,,0
2025-11-26 14:06:03 UTC,1051,,,,,0
2025-11-26 14:10:32 UTC,1052,,,,,0
2025-11-26 14:15:29 UTC,1053,,,,,0
2025-11-26 14:20:28 UTC,1054,,,,,0
2025-11-26 14:25:27 UTC,1055,,,,,0
2025-11-26 14:30:30 UTC,1056,,,,,0
2025-11-26 14:35:27 UTC,1057,,,,,0
2025-11-26 14:40:28 UTC,1058,,,,,0
2025-11-26 14:45:29 UTC,1059,,,,,0
2025-11-26 14:50:30 UTC,1060,,,,,0
2025-11-26 14:55:27 UTC,1061,,,,,0
2025-11-26 15:00:29 UTC,1062,,,,,0
2025-11-26 15:05:28 UTC,1063,,,,,0
2025-11-26 15:10:28 UTC,1064,,,,,0
2025-11-26 15:15:28 UTC,1065,,,,,0
2025-11-26 15:20:29 UTC,1066,,,,,0
2025-11-26 15:25:28 UTC,1067,,,,,0
2025-11-26 15:30:28 UTC,1068,,,,,0
2025-11-26 15:35:33 UTC,1069,,,,,0
2025-11-26 15:40:28 UTC,1070,,,,,0
2025-11-26 15:45:28 UTC,1071,,,,,0
2025-11-26 15:50:28 UTC,1072,,,,,0
2025-11-26 15:55:29 UTC,1073,,,,,0
2025-11-26 16:00:49 UTC,1074,,,,,0
2025-11-26 16:05:55 UTC,1075,,,,,0
2025-11-26 16:10:29 UTC,1076,,,,,0
2025-11-26 16:15:29 UTC,1077,,,,,0
2025-11-26 16:20:29 UTC,1078,,,,,0
2025-11-26 16:25:27 UTC,1079,,,,,0
2025-11-26 16:30:29 UTC,1080,,,,,0
2025-11-26 16:35:28 UTC,1081,,,,,0
2025-11-26 16:40:29 UTC,1082,,,,,0
2025-11-26 16:45:28 UTC,1083,,,,,0
2025-11-26 16:50:30 UTC,1084,,,,,0
2025-11-26 16:55:28 UTC,1085,,,,,0
2025-11-26 17:00:30 UTC,1086,,,,,0
2025-11-26 17:05:36 UTC,1087,,,,,0
2025-11-26 17:10:33 UTC,1088,,,,,0
2025-11-26 17:15:28 UTC,1089,,,,,0
2025-11-26 17:20:28 UTC,1090,,,,,0
2025-11-26 17:25:27 UTC,1091,,,,,0
2025-11-26 17:30:29 UTC,1092,,,,,0
2025-11-26 17:35:30 UTC,1093,,,,,0
2025-11-26 17:40:28 UTC,1094,,,,,0
2025-11-26 17:45:29 UTC,1095,,,,,0
2025-11-26 17:50:31 UTC,1096,,,,,0
2025-11-26 17:55:27 UTC,1097,,,,,0
2025-11-26 18:00:28 UTC,1098,,,,,0
2025-11-26 18:05:29 UTC,1099,,,,,0
2025-11-26 18:10:28 UTC,1100,,,,,0
2025-11-26 18:15:27 UTC,1101,,,,,0
2025-11-26 18:20:28 UTC,1102,,,,,0
2025-11-26 18:25:27 UTC,1103,,,,,0
2025-11-26 18:30:28 UTC,1104,,,,,0
2025-11-26 18:35:27 UTC,1105,,,,,0
2025-11-26 18:40:29 UTC,1106,,,,,0
2025-11-26 18:45:28 UTC,1107,,,,,0
2025-11-26 18:50:28 UTC,1108,,,,,0
2025-11-26 18:55:27 UTC,1109,,,,,0
2025-11-26 19:00:28 UTC,1110,,,,,0
2025-11-26 19:05:29 UTC,1111,,,,,0
2025-11-26 19:10:29 UTC,1112,,,,,0
2025-11-26 19:15:39 UTC,1113,,,,,0
2025-11-26 19:20:29 UTC,1114,,,,,0
2025-11-26 19:25:29 UTC,1115,,,,,0
2025-11-26 19:30:28 UTC,1116,,,,,0
2025-11-26 19:35:27 UTC,1117,,,,,0
2025-11-26 19:40:28 UTC,1118,,,,,0
2025-11-26 19:45:27 UTC,1119,,,,,0
2025-11-26 19:50:28 UTC,1120,,,,,0
2025-11-26 19:55:28 UTC,1121,,,,,0
2025-11-26 20:00:29 UTC,1122,,,,,0
2025-11-26 20:05:28 UTC,1123,,,,,0
2025-11-26 20:10:28 UTC,1124,,,,,0
2025-11-26 20:15:30 UTC,1125,,,,,0
2025-11-26 20:20:28 UTC,1126,,,,,0
2025-11-26 20:25:27 UTC,1127,,,,,0
2025-11-26 20:30:28 UTC,1128,,,,,0
2025-11-26 20:35:27 UTC,1129,,,,,0
2025-11-26 20:40:28 UTC,1130,,,,,0
2025-11-26 20:45:28 UTC,1131,,,,,0
2025-11-26 20:50:29 UTC,1132,,,,,0
2025-11-26 20:55:27 UTC,1133,,,,,0
2025-11-26 21:00:57 UTC,1134,,,,,0
2025-11-26 21:06:29 UTC,1135,,,,,0
2025-11-26 21:10:29 UTC,1136,,,,,0
2025-11-26 21:15:28 UTC,1137,,,,,0
2025-11-26 21:20:28 UTC,1138,,,,,0
2025-11-26 21:25:27 UTC,1139,,,,,0
2025-11-26 21:30:29 UTC,1140,,,,,0
2025-11-26 21:35:28 UTC,1141,,,,,0
2025-11-26 21:40:29 UTC,1142,,,,,0
2025-11-26 21:45:29 UTC,1143,,,,,0
2025-11-26 21:50:29 UTC,1144,,,,,0
2025-11-26 21:55:28 UTC,1145,,,,,0
2025-11-26 22:00:32 UTC,1146,,,,,0
2025-11-26 22:05:28 UTC,1147,,,,,0
2025-11-26 22:10:29 UTC,1148,,,,,0
2025-11-26 22:15:27 UTC,1149,,,,,0
2025-11-26 22:20:29 UTC,1150,,,,,0
2025-11-26 22:25:30 UTC,1151,,,,,0
2025-11-26 22:30:31 UTC,1152,,,,,0
2025-11-26 22:35:29 UTC,1153,,,,,0
2025-11-26 22:40:29 UTC,1154,,,,,0
2025-11-26 22:45:28 UTC,1155,,,,,0
2025-11-26 22:50:29 UTC,1156,,,,,0
2025-11-26 22:55:28 UTC,1157,,,,,0
2025-11-26 23:00:47 UTC,1158,,,,,0
2025-11-26 23:05:58 UTC,1159,,,,,0
2025-11-26 23:10:28 UTC,1160,,,,,0
2025-11-26 23:15:28 UTC,1161,,,,,0
2025-11-26 23:20:28 UTC,1162,,,,,0
2025-11-26 23:25:29 UTC,1163,,,,,0
2025-11-26 23:30:28 UTC,1164,,,,,0
2025-11-26 23:35:28 UTC,1165,,,,,0
2025-11-26 23:40:28 UTC,1166,,,,,0
2025-11-26 23:45:28 UTC,1167,,,,,0
2025-11-26 23:50:28 UTC,1168,,,,,0
2025-11-26 23:55:27 UTC,1169,,,,,0
2025-11-27 00:00:52 UTC,1170,,,,,0
2025-11-27 00:05:58 UTC,1171,,,,,0
2025-11-27 00:10:29 UTC,1172,,,,,0
2025-11-27 00:15:27 UTC,1173,,,,,0
2025-11-27 00:20:29 UTC,1174,,,,,0
2025-11-27 00:25:27 UTC,1175,,,,,0
2025-11-27 00:30:28 UTC,1176,,,,,0
2025-11-27 00:35:27 UTC,1177,,,,,0
2025-11-27 00:40:29 UTC,1178,,,,,0
2025-11-27 00:45:28 UTC,1179,,,,,0
2025-11-27 00:50:28 UTC,1180,,,,,0
2025-11-27 00:55:27 UTC,1181,,,,,0
2025-11-27 01:00:40 UTC,1182,,,,,0
2025-11-27 01:06:18 UTC,1183,,,,,0
2025-11-27 01:10:29 UTC,1184,,,,,0
2025-11-27 01:15:28 UTC,1185,,,,,0
2025-11-27 01:20:29 UTC,1186,,,,,0
2025-11-27 01:25:28 UTC,1187,,,,,0
2025-11-27 01:30:28 UTC,1188,,,,,0
2025-11-27 01:35:28 UTC,1189,,,,,0
2025-11-27 01:40:29 UTC,1190,,,,,0
2025-11-27 01:45:27 UTC,1191,,,,,0
2025-11-27 01:50:28 UTC,1192,,,,,0
2025-11-27 01:55:28 UTC,1193,,,,,0
2025-11-27 02:00:28 UTC,1194,,,,,0
2025-11-27 02:05:34 UTC,1195,,,,,0
2025-11-27 02:10:28 UTC,1196,,,,,0
2025-11-27 02:15:27 UTC,1197,,,,,0
2025-11-27 02:20:29 UTC,1198,,,,,0
2025-11-27 02:25:27 UTC,1199,,,,,0
2025-11-27 02:30:29 UTC,1200,,,,,0
2025-11-27 02:35:27 UTC,1201,,,,,0
2025-11-27 02:40:33 UTC,1202,,,,,0
2025-11-27 02:45:28 UTC,1203,,,,,0
2025-11-27 02:50:29 UTC,1204,,,,,0
2025-11-27 02:55:27 UTC,1205,,,,,0
2025-11-27 03:00:55 UTC,1206,,,,,0
2025-11-27 03:06:13 UTC,1207,,,,,0
2025-11-27 03:10:29 UTC,1208,,,,,0
2025-11-27 03:15:27 UTC,1209,,,,,0
2025-11-27 03:20:28 UTC,1210,,,,,0
2025-11-27 03:25:28 UTC,1211,,,,,0
2025-11-27 03:30:29 UTC,1212,,,,,0
2025-11-27 03:35:29 UTC,1213,,,,,0
2025-11-27 03:40:29 UTC,1214,,,,,0
2025-11-27 03:45:30 UTC,1215,,,,,0
2025-11-27 03:50:28 UTC,1216,,,,,0
2025-11-27 03:55:28 UTC,1217,,,,,0
2025-11-27 04:00:30 UTC,1218,,,,,0
2025-11-27 04:10:28 UTC,1219,,,,,0
2025-11-27 04:15:29 UTC,1220,,,,,0
2025-11-27 04:20:29 UTC,1221,,,,,0
2025-11-27 04:25:28 UTC,1222,,,,,0
2025-11-27 04:30:28 UTC,1223,,,,,0
2025-11-27 04:35:28 UTC,1224,,,,,0
2025-11-27 04:40:28 UTC,1225,,,,,0
2025-11-27 04:45:27 UTC,1226,,,,,0
2025-11-27 04:50:28 UTC,1227,,,,,0
2025-11-27 04:55:27 UTC,1228,,,,,0
2025-11-27 05:01:01 UTC,1229,,,,,0
2025-11-27 05:05:42 UTC,1230,,,,,0
2025-11-27 05:10:28 UTC,1231,,,,,0
2025-11-27 05:15:27 UTC,1232,,,,,0
2025-11-27 05:20:28 UTC,1233,,,,,0
2025-11-27 05:25:28 UTC,1234,,,,,0
2025-11-27 05:30:28 UTC,1235,,,,,0
2025-11-27 05:35:30 UTC,1236,,,,,0
2025-11-27 05:40:43 UTC,1237,,,,,0
2025-11-27 05:45:28 UTC,1238,,,,,0
2025-11-27 05:50:29 UTC,1239,,,,,0
2025-11-27 05:55:27 UTC,1240,,,,,0
2025-11-27 06:00:51 UTC,1241,,,,,0
2025-11-27 06:05:29 UTC,1242,,,,,0
2025-11-27 06:10:38 UTC,1243,,,,,0
2025-11-27 06:15:27 UTC,1244,,,,,0
2025-11-27 06:20:28 UTC,1245,,,,,0
2025-11-27 06:25:28 UTC,1246,,,,,0
2025-11-27 06:30:28 UTC,1247,,,,,0
2025-11-27 06:35:27 UTC,1248,,,,,0
2025-11-27 06:40:29 UTC,1249,,,,,0
2025-11-27 06:45:28 UTC,1250,,,,,0
2025-11-27 06:50:29 UTC,1251,,,,,0
2025-11-27 06:55:28 UTC,1252,,,,,0
2025-11-27 07:00:28 UTC,1253,,,,,0
2025-11-27 07:05:29 UTC,1254,,,,,0
2025-11-27 07:10:32 UTC,1255,,,,,0
2025-11-27 07:15:28 UTC,1256,,,,,0
2025-11-27 07:20:29 UTC,1257,,,,,0
2025-11-27 07:25:28 UTC,1258,,,,,0
2025-11-27 07:30:55 UTC,1259,,,,,0
2025-11-27 07:35:53 UTC,1260,,,,,0
2025-11-27 07:40:36 UTC,1261,,,,,0
2025-11-27 07:45:27 UTC,1262,,,,,0
2025-11-27 07:50:31 UTC,1263,,,,,0
2025-11-27 07:55:29 UTC,1264,,,,,0
2025-11-27 08:00:28 UTC,1265,,,,,0
2025-11-27 08:05:29 UTC,1266,,,,,0
2025-11-27 08:10:28 UTC,1267,,,,,0
2025-11-27 08:15:29 UTC,1268,,,,,0
2025-11-27 08:20:28 UTC,1269,,,,,0
2025-11-27 08:25:28 UTC,1270,,,,,0
2025-11-27 08:30:28 UTC,1271,,,,,0
2025-11-27 08:35:29 UTC,1272,,,,,0
2025-11-27 08:40:29 UTC,1273,,,,,0
2025-11-27 08:45:28 UTC,1274,,,,,0
2025-11-27 08:50:29 UTC,1275,,,,,0
2025-11-27 08:55:27 UTC,1276,,,,,0
2025-11-27 09:00:28 UTC,1277,,,,,0
2025-11-27 09:05:28 UTC,1278,,,,,0
2025-11-27 09:10:29 UTC,1279,,,,,0
2025-11-27 09:15:29 UTC,1280,,,,,0
2025-11-27 09:20:29 UTC,1281,,,,,0
2025-11-27 09:25:27 UTC,1282,,,,,0
2025-11-27 09:30:29 UTC,1283,,,,,0
2025-11-27 09:35:41 UTC,1284,,,,,0
2025-11-27 09:40:29 UTC,1285,,,,,0
2025-11-27 09:45:30 UTC,1286,,,,,0
2025-11-27 09:50:28 UTC,1287,,,,,0
2025-11-27 09:55:27 UTC,1288,,,,,0
2025-11-27 10:00:28 UTC,1289,,,,,0
2025-11-27 10:05:38 UTC,1290,,,,,0
2025-11-27 10:10:28 UTC,1291,,,,,0
2025-11-27 10:15:27 UTC,1292,,,,,0
2025-11-27 10:20:28 UTC,1293,,,,,0
2025-11-27 10:25:28 UTC,1294,,,,,0
2025-11-27 10:30:28 UTC,1295,,,,,0
2025-11-27 10:35:29 UTC,1296,,,,,0
2025-11-27 10:40:29 UTC,1297,,,,,0
2025-11-27 10:45:28 UTC,1298,,,,,0
2025-11-27 10:50:28 UTC,1299,,,,,0
2025-11-27 10:55:34 UTC,1300,,,,,0
2025-11-27 11:00:28 UTC,1301,,,,,0
2025-11-27 11:05:32 UTC,1302,,,,,0
2025-11-27 11:10:29 UTC,1303,,,,,0
2025-11-27 11:15:46 UTC,1304,,,,,0
2025-11-27 11:20:28 UTC,1305,,,,,0
2025-11-27 11:25:27 UTC,1306,,,,,0
2025-11-27 11:30:31 UTC,1307,,,,,0
2025-11-27 11:35:28 UTC,1308,,,,,0
2025-11-27 11:40:29 UTC,1309,,,,,0
2025-11-27 11:45:27 UTC,1310,,,,,0
2025-11-27 11:50:29 UTC,1311,,,,,0
2025-11-27 11:55:27 UTC,1312,,,,,0
2025-11-27 12:00:28 UTC,1313,,,,,0
2025-11-27 12:05:28 UTC,1314,,,,,0
2025-11-27 12:10:47 UTC,1315,,,,,0
2025-11-27 12:15:28 UTC,1316,,,,,0
2025-11-27 12:20:29 UTC,1317,,,,,0
2025-11-27 12:25:28 UTC,1318,,,,,0
2025-11-27 12:30:29 UTC,1319,,,,,0
2025-11-27 12:35:29 UTC,1320,,,,,0
2025-11-27 12:40:28 UTC,1321,,,,,0
2025-11-27 12:45:30 UTC,1322,,,,,0
2025-11-27 12:50:29 UTC,1323,,,,,0
2025-11-27 12:55:27 UTC,1324,,,,,0
2025-11-27 13:00:29 UTC,1325,,,,,0
2025-11-27 13:05:37 UTC,1326,,,,,0
2025-11-27 13:10:28 UTC,1327,,,,,0
2025-11-27 13:15:27 UTC,1328,,,,,0
2025-11-27 13:20:28 UTC,1329,,,,,0
2025-11-27 13:25:28 UTC,1330,,,,,0
2025-11-27 13:30:28 UTC,1331,,,,,0
2025-11-27 13:35:27 UTC,1332,,,,,0
2025-11-27 13:40:29 UTC,1333,,,,,0
2025-11-27 13:45:27 UTC,1334,,,,,0
2025-11-27 13:50:28 UTC,1335,,,,,0
2025-11-27 13:55:36 UTC,1336,,,,,0
2025-11-27 14:00:35 UTC,1337,,,,,0
2025-11-27 14:05:31 UTC,1338,,,,,0
2025-11-27 14:10:29 UTC,1339,,,,,0
2025-11-27 14:15:27 UTC,1340,,,,,0
2025-11-27 14:20:28 UTC,1341,,,,,0
2025-11-27 14:25:28 UTC,1342,,,,,0
2025-11-27 14:30:29 UTC,1343,,,,,0
2025-11-27 14:35:28 UTC,1344,,,,,0
2025-11-27 14:40:29 UTC,1345,,,,,0
2025-11-27 14:45:28 UTC,1346,,,,,0
2025-11-27 14:50:29 UTC,1347,,,,,0
2025-11-27 14:55:28 UTC,1348,,,,,0
2025-11-27 15:00:29 UTC,1349,,,,,0
2025-11-27 15:06:34 UTC,1350,,,,,0
2025-11-27 15:10:28 UTC,1351,,,,,0
2025-11-27 15:15:27 UTC,1352,,,,,0
2025-11-27 15:20:29 UTC,1353,,,,,0
2025-11-27 15:25:28 UTC,1354,,,,,0
2025-11-27 15:30:29 UTC,1355,,,,,0
2025-11-27 15:35:28 UTC,1356,,,,,0
2025-11-27 15:40:29 UTC,1357,,,,,0
2025-11-27 15:45:32 UTC,1358,,,,,0
2025-11-27 15:50:30 UTC,1359,,,,,0
2025-11-27 15:55:27 UTC,1360,,,,,0
2025-11-27 16:00:47 UTC,1361,,,,,0
2025-11-27 16:05:45 UTC,1362,,,,,0
2025-11-27 16:10:27 UTC,1363,,,,,0
2025-11-27 16:15:28 UTC,1364,,,,,0
2025-11-27 16:20:29 UTC,1365,,,,,0
2025-11-27 16:25:27 UTC,1366,,,,,0
2025-11-27 16:30:30 UTC,1367,,,,,0
2025-11-27 16:35:27 UTC,1368,,,,,0
2025-11-27 16:40:29 UTC,1369,,,,,0
2025-11-27 16:45:28 UTC,1370,,,,,0
2025-11-27 16:50:29 UTC,1371,,,,,0
2025-11-27 16:55:27 UTC,1372,,,,,0
2025-11-27 17:00:31 UTC,1373,,,,,0
2025-11-27 17:05:44 UTC,1374,,,,,0
2025-11-27 17:10:29 UTC,1375,,,,,0
2025-11-27 17:15:28 UTC,1376,,,,,0
2025-11-27 17:20:29 UTC,1377,,,,,0
2025-11-27 17:25:28 UTC,1378,,,,,0
2025-11-27 17:30:28 UTC,1379,,,,,0
2025-11-27 17:35:28 UTC,1380,,,,,0
2025-11-27 17:40:29 UTC,1381,,,,,0
2025-11-27 17:45:29 UTC,1382,,,,,0
2025-11-27 17:50:28 UTC,1383,,,,,0
2025-11-27 17:55:31 UTC,1384,,,,,0
2025-11-27 18:00:29 UTC,1385,,,,,0
2025-11-27 18:10:34 UTC,1386,,,,,0
2025-11-27 18:15:27 UTC,1387,,,,,0
2025-11-27 18:20:29 UTC,1388,,,,,0
2025-11-27 18:25:27 UTC,1389,,,,,0
2025-11-27 18:30:28 UTC,1390,,,,,0
2025-11-27 18:35:27 UTC,1391,,,,,0
2025-11-27 18:40:29 UTC,1392,,,,,0
2025-11-27 18:45:28 UTC,1393,,,,,0
2025-11-27 18:50:29 UTC,1394,,,,,0
2025-11-27 18:55:27 UTC,1395,,,,,0
2025-11-27 19:00:28 UTC,1396,,,,,0
2025-11-27 19:05:41 UTC,1397,,,,,0
2025-11-27 19:10:30 UTC,1398,,,,,0
2025-11-27 19:15:27 UTC,1399,,,,,0
2025-11-27 19:20:28 UTC,1400,,,,,0
2025-11-27 19:25:29 UTC,1401,,,,,0
2025-11-27 19:30:28 UTC,1402,,,,,0
2025-11-27 19:35:28 UTC,1403,,,,,0
2025-11-27 19:40:29 UTC,1404,,,,,0
2025-11-27 19:45:28 UTC,1405,,,,,0
2025-11-27 19:50:29 UTC,1406,,,,,0
2025-11-27 19:55:29 UTC,1407,,,,,0
2025-11-27 20:00:28 UTC,1408,,,,,0
2025-11-27 20:05:28 UTC,1409,,,,,0
2025-11-27 20:10:28 UTC,1410,,,,,0
2025-11-27 20:15:27 UTC,1411,,,,,0
2025-11-27 20:20:28 UTC,1412,,,,,0
2025-11-27 20:25:28 UTC,1413,,,,,0
2025-11-27 20:30:29 UTC,1414,,,,,0
2025-11-27 20:35:28 UTC,1415,,,,,0
2025-11-27 20:40:28 UTC,1416,,,,,0
2025-11-27 20:45:30 UTC,1417,,,,,0
2025-11-27 20:50:29 UTC,1418,,,,,0
2025-11-27 20:55:27 UTC,1419,,,,,0
2025-11-27 21:00:28 UTC,1420,,,,,0
2025-11-27 21:05:28 UTC,1421,,,,,0
2025-11-27 21:10:27 UTC,1422,,,,,0
2025-11-27 21:15:28 UTC,1423,,,,,0
2025-11-27 21:20:29 UTC,1424,,,,,0
2025-11-27 21:25:28 UTC,1425,,,,,0
2025-11-27 21:30:28 UTC,1426,,,,,0
2025-11-27 21:35:33 UTC,1427,,,,,0
2025-11-27 21:40:28 UTC,1428,,,,,0
2025-11-27 21:45:28 UTC,1429,,,,,0
2025-11-27 21:50:28 UTC,1430,,,,,0
2025-11-27 21:55:28 UTC,1431,,,,,0
2025-11-27 22:00:29 UTC,1432,,,,,0
2025-11-27 22:05:35 UTC,1433,,,,,0
2025-11-27 22:10:28 UTC,1434,,,,,0
2025-11-27 22:15:27 UTC,1435,,,,,0
2025-11-27 22:20:28 UTC,1436,,,,,0
2025-11-27 22:25:27 UTC,1437,,,,,0
2025-11-27 22:30:28 UTC,1438,,,,,0
2025-11-27 22:35:27 UTC,1439,,,,,0
2025-11-27 22:40:28 UTC,1440,,,,,0
2025-11-27 22:45:27 UTC,1441,,,,,0
2025-11-27 22:50:28 UTC,1442,,,,,0
2025-11-27 22:55:27 UTC,1443,,,,,0
2025-11-27 23:00:28 UTC,1444,,,,,0
2025-11-27 23:05:29 UTC,1445,,,,,0
2025-11-27 23:10:29 UTC,1446,,,,,0
2025-11-27 23:15:27 UTC,1447,,,,,0
2025-11-27 23:20:28 UTC,1448,,,,,0
2025-11-27 23:25:30 UTC,1449,,,,,0
2025-11-27 23:30:29 UTC,1450,,,,,0
2025-11-27 23:35:27 UTC,1451,,,,,0
2025-11-27 23:40:29 UTC,1452,,,,,0
2025-11-27 23:45:28 UTC,1453,,,,,0
2025-11-27 23:50:29 UTC,1454,,,,,0
2025-11-27 23:55:28 UTC,1455,,,,,0
2025-11-28 00:00:51 UTC,1456,,,,,0
2025-11-28 00:06:11 UTC,1457,,,,,0
2025-11-28 00:10:28 UTC,1458,,,,,0
2025-11-28 00:15:28 UTC,1459,,,,,0
2025-11-28 00:20:40 UTC,1460,,,,,0
2025-11-28 00:25:27 UTC,1461,,,,,0
2025-11-28 00:30:28 UTC,1462,,,,,0
2025-11-28 00:35:27 UTC,1463,,,,,0
2025-11-28 00:40:28 UTC,1464,,,,,0
2025-11-28 00:45:27 UTC,1465,,,,,0
2025-11-28 00:50:29 UTC,1466,,,,,0
2025-11-28 00:55:27 UTC,1467,,,,,0
2025-11-28 01:00:28 UTC,1468,,,,,0
2025-11-28 01:10:28 UTC,1469,,,,,0
2025-11-28 01:15:28 UTC,1470,,,,,0
2025-11-28 01:20:28 UTC,1471,,,,,0
2025-11-28 01:25:27 UTC,1472,,,,,0
2025-11-28 01:30:29 UTC,1473,,,,,0
2025-11-28 01:35:28 UTC,1474,,,,,0
2025-11-28 01:40:29 UTC,1475,,,,,0
2025-11-28 01:45:27 UTC,1476,,,,,0
2025-11-28 01:50:28 UTC,1477,,,,,0
2025-11-28 01:55:27 UTC,1478,,,,,0
2025-11-28 02:00:29 UTC,1479,,,,,0
2025-11-28 02:05:28 UTC,1480,,,,,0
2025-11-28 02:10:28 UTC,1481,,,,,0
2025-11-28 02:15:27 UTC,1482,,,,,0
2025-11-28 02:20:38 UTC,1483,,,,,0
2025-11-28 02:25:28 UTC,1484,,,,,0
2025-11-28 02:30:28 UTC,1485,,,,,0
2025-11-28 02:35:28 UTC,1486,,,,,0
2025-11-28 02:40:29 UTC,1487,,,,,0
2025-11-28 02:45:28 UTC,1488,,,,,0
2025-11-28 02:50:28 UTC,1489,,,,,0
2025-11-28 02:55:27 UTC,1490,,,,,0
2025-11-28 03:00:29 UTC,1491,,,,,0
2025-11-28 03:05:28 UTC,1492,,,,,0
2025-11-28 03:10:30 UTC,1493,,,,,0
2025-11-28 03:15:29 UTC,1494,,,,,0
2025-11-28 03:20:28 UTC,1495,,,,,0
2025-11-28 03:25:28 UTC,1496,,,,,0
2025-11-28 03:30:30 UTC,1497,,,,,0
2025-11-28 03:35:27 UTC,1498,,,,,0
2025-11-28 03:40:29 UTC,1499,,,,,0
2025-11-28 03:45:27 UTC,1500,,,,,0
2025-11-28 03:50:28 UTC,1501,,,,,0
2025-11-28 03:55:30 UTC,1502,,,,,0
2025-11-28 04:00:28 UTC,1503,,,,,0
2025-11-28 04:05:31 UTC,1504,,,,,0
2025-11-28 04:10:28 UTC,1505,,,,,0
2025-11-28 04:15:28 UTC,1506,,,,,0
2025-11-28 04:20:29 UTC,1507,,,,,0
2025-11-28 04:25:28 UTC,1508,,,,,0
2025-11-28 04:30:30 UTC,1509,,,,,0
2025-11-28 04:35:28 UTC,1510,,,,,0
2025-11-28 04:40:29 UTC,1511,,,,,0
2025-11-28 04:45:28 UTC,1512,,,,,0
2025-11-28 04:50:28 UTC,1513,,,,,0
2025-11-28 04:55:28 UTC,1514,,,,,0
2025-11-28 05:01:02 UTC,1515,,,,,0
2025-11-28 05:06:22 UTC,1516,,,,,0
2025-11-28 05:10:29 UTC,1517,,,,,0
2025-11-28 05:15:28 UTC,1518,,,,,0
2025-11-28 05:20:28 UTC,1519,,,,,0
2025-11-28 05:25:29 UTC,1520,,,,,0
2025-11-28 05:30:29 UTC,1521,,,,,0
2025-11-28 05:35:29 UTC,1522,,,,,0
2025-11-28 05:40:29 UTC,1523,,,,,0
2025-11-28 05:45:28 UTC,1524,,,,,0
2025-11-28 05:50:29 UTC,1525,,,,,0
2025-11-28 05:55:27 UTC,1526,,,,,0
2025-11-28 06:00:28 UTC,1527,,,,,0
2025-11-28 06:05:54 UTC,1528,,,,,0
2025-11-28 06:10:29 UTC,1529,,,,,0
2025-11-28 06:15:28 UTC,1530,,,,,0
2025-11-28 06:20:29 UTC,1531,,,,,0
2025-11-28 06:25:27 UTC,1532,,,,,0
2025-11-28 06:30:36 UTC,1533,,,,,0
2025-11-28 06:35:38 UTC,1534,,,,,0
2025-11-28 06:40:30 UTC,1535,,,,,0
2025-11-28 06:45:30 UTC,1536,,,,,0
2025-11-28 06:50:29 UTC,1537,,,,,0
2025-11-28 06:55:27 UTC,1538,,,,,0
2025-11-28 07:00:28 UTC,1539,,,,,0
2025-11-28 07:05:30 UTC,1540,,,,,0
2025-11-28 07:10:28 UTC,1541,,,,,0
2025-11-28 07:15:28 UTC,1542,,,,,0
2025-11-28 07:20:28 UTC,1543,,,,,0
2025-11-28 07:25:28 UTC,1544,,,,,0
2025-11-28 07:30:29 UTC,1545,,,,,0
2025-11-28 07:35:28 UTC,1546,,,,,0
2025-11-28 07:40:29 UTC,1547,,,,,0
2025-11-28 07:45:28 UTC,1548,,,,,0
2025-11-28 07:50:29 UTC,1549,,,,,0
2025-11-28 07:55:28 UTC,1550,,,,,0
2025-11-28 08:00:28 UTC,1551,,,,,0
2025-11-28 08:05:29 UTC,1552,,,,,0
2025-11-28 08:10:28 UTC,1553,,,,,0
2025-11-28 08:15:28 UTC,1554,,,,,0
2025-11-28 08:20:28 UTC,1555,,,,,0
2025-11-28 08:25:28 UTC,1556,,,,,0
2025-11-28 08:30:28 UTC,1557,,,,,0
2025-11-28 08:35:34 UTC,1558,,,,,0
2025-11-28 08:40:28 UTC,1559,,,,,0
2025-11-28 08:45:28 UTC,1560,,,,,0
2025-11-28 08:50:29 UTC,1561,,,,,0
2025-11-28 08:55:28 UTC,1562,,,,,0
2025-11-28 09:00:28 UTC,1563,,,,,0
2025-11-28 09:05:29 UTC,1564,,,,,0
2025-11-28 09:10:28 UTC,1565,,,,,0
2025-11-28 09:15:27 UTC,1566,,,,,0
2025-11-28 09:20:29 UTC,1567,,,,,0
2025-11-28 09:25:28 UTC,1568,,,,,0
2025-11-28 09:30:28 UTC,1569,,,,,0
2025-11-28 09:35:28 UTC,1570,,,,,0
2025-11-28 09:40:34 UTC,1571,,,,,0
2025-11-28 09:45:29 UTC,1572,,,,,0
2025-11-28 09:50:28 UTC,1573,,,,,0
2025-11-28 09:55:27 UTC,1574,,,,,0
2025-11-28 10:00:28 UTC,1575,,,,,0
2025-11-28 10:05:37 UTC,1576,,,,,0
2025-11-28 10:10:29 UTC,1577,,,,,0
2025-11-28 10:15:29 UTC,1578,,,,,0
2025-11-28 10:20:28 UTC,1579,,,,,0
2025-11-28 10:25:29 UTC,1580,,,,,0
2025-11-28 10:30:28 UTC,1581,,,,,0
2025-11-28 10:35:28 UTC,1582,,,,,0
2025-11-28 10:40:29 UTC,1583,,,,,0
2025-11-28 10:45:28 UTC,1584,,,,,0
2025-11-28 10:50:29 UTC,1585,,,,,0
2025-11-28 10:55:27 UTC,1586,,,,,0
2025-11-28 11:00:49 UTC,1587,,,,,0
2025-11-28 11:06:33 UTC,1588,,,,,0
2025-11-28 11:10:28 UTC,1589,,,,,0
2025-11-28 11:15:28 UTC,1590,,,,,0
2025-11-28 11:20:29 UTC,1591,,,,,0
2025-11-28 11:25:27 UTC,1592,,,,,0
2025-11-28 11:30:29 UTC,1593,,,,,0
2025-11-28 11:35:28 UTC,1594,,,,,0
2025-11-28 11:40:29 UTC,1595,,,,,0
2025-11-28 11:45:30 UTC,1596,,,,,0
2025-11-28 11:50:28 UTC,1597,,,,,0
2025-11-28 11:55:27 UTC,1598,,,,,0
2025-11-28 12:00:30 UTC,1599,,,,,0
2025-11-28 12:05:54 UTC,1600,,,,,0
2025-11-28 12:10:29 UTC,1601,,,,,0
2025-11-28 12:15:27 UTC,1602,,,,,0
2025-11-28 12:20:30 UTC,1603,,,,,0
2025-11-28 12:25:29 UTC,1604,,,,,0
2025-11-28 12:30:34 UTC,1605,,,,,0
2025-11-28 12:35:28 UTC,1606,,,,,0
2025-11-28 12:40:28 UTC,1607,,,,,0
2025-11-28 12:45:29 UTC,1608,,,,,0
2025-11-28 12:50:28 UTC,1609,,,,,0
2025-11-28 12:55:27 UTC,1610,,,,,0
2025-11-28 13:00:28 UTC,1611,,,,,0
2025-11-28 13:05:34 UTC,1612,,,,,0
2025-11-28 13:10:28 UTC,1613,,,,,0
2025-11-28 13:15:27 UTC,1614,,,,,0
2025-11-28 13:20:29 UTC,1615,,,,,0
2025-11-28 13:25:27 UTC,1616,,,,,0
2025-11-28 13:30:30 UTC,1617,,,,,0
2025-11-28 13:35:28 UTC,1618,,,,,0
2025-11-28 13:40:37 UTC,1619,,,,,0
2025-11-28 13:45:28 UTC,1620,,,,,0
2025-11-28 13:50:34 UTC,1621,,,,,0
2025-11-28 13:55:27 UTC,1622,,,,,0
2025-11-28 14:00:28 UTC,1623,,,,,0
2025-11-28 14:05:31 UTC,1624,,,,,0
2025-11-28 14:10:28 UTC,1625,,,,,0
2025-11-28 14:15:28 UTC,1626,,,,,0
2025-11-28 14:20:30 UTC,1627,,,,,0
2025-11-28 14:25:28 UTC,1628,,,,,0
2025-11-28 14:30:29 UTC,1629,,,,,0
2025-11-28 14:35:27 UTC,1630,,,,,0
2025-11-28 14:40:29 UTC,1631,,,,,0
2025-11-28 14:45:29 UTC,1632,,,,,0
2025-11-28 14:50:29 UTC,1633,,,,,0
2025-11-28 14:55:31 UTC,1634,,,,,0
2025-11-28 15:00:29 UTC,1635,,,,,0
2025-11-28 15:05:28 UTC,1636,,,,,0
2025-11-28 15:10:35 UTC,1637,,,,,0
2025-11-28 15:15:28 UTC,1638,,,,,0
2025-11-28 15:20:28 UTC,1639,,,,,0
2025-11-28 15:25:28 UTC,1640,,,,,0
2025-11-28 15:30:29 UTC,1641,,,,,0
2025-11-28 15:35:28 UTC,1642,,,,,0
2025-11-28 15:40:29 UTC,1643,,,,,0
2025-11-28 15:45:28 UTC,1644,,,,,0
2025-11-28 15:50:30 UTC,1645,,,,,0
2025-11-28 15:55:28 UTC,1646,,,,,0
2025-11-28 16:00:36 UTC,1647,,,,,0
2025-11-28 16:05:30 UTC,1648,,,,,0
2025-11-28 16:10:28 UTC,1649,,,,,0
2025-11-28 16:15:28 UTC,1650,,,,,0
2025-11-28 16:20:36 UTC,1651,,,,,0
2025-11-28 16:25:27 UTC,1652,,,,,0
2025-11-28 16:30:28 UTC,1653,,,,,0
2025-11-28 16:35:27 UTC,1654,,,,,0
2025-11-28 16:40:28 UTC,1655,,,,,0
2025-11-28 16:45:28 UTC,1656,,,,,0
2025-11-28 16:50:29 UTC,1657,,,,,0
2025-11-28 16:55:28 UTC,1658,,,,,0
2025-11-28 17:00:52 UTC,1659,,,,,0
2025-11-28 17:05:52 UTC,1660,,,,,0
2025-11-28 17:10:28 UTC,1661,,,,,0
2025-11-28 17:15:28 UTC,1662,,,,,0
2025-11-28 17:20:29 UTC,1663,,,,,0
2025-11-28 17:25:28 UTC,1664,,,,,0
2025-11-28 17:30:28 UTC,1665,,,,,0
2025-11-28 17:35:28 UTC,1666,,,,,0
2025-11-28 17:40:29 UTC,1667,,,,,0
2025-11-28 17:45:27 UTC,1668,,,,,0
2025-11-28 17:50:29 UTC,1669,,,,,0
2025-11-28 17:55:27 UTC,1670,,,,,0
2025-11-28 18:00:41 UTC,1671,,,,,0
2025-11-28 18:05:28 UTC,1672,,,,,0
2025-11-28 18:10:33 UTC,1673,,,,,0
2025-11-28 18:15:27 UTC,1674,,,,,0
2025-11-28 18:20:29 UTC,1675,,,,,0
2025-11-28 18:25:27 UTC,1676,,,,,0
2025-11-28 18:30:28 UTC,1677,,,,,0
2025-11-28 18:35:28 UTC,1678,,,,,0
2025-11-28 18:40:29 UTC,1679,,,,,0
2025-11-28 18:45:27 UTC,1680,,,,,0
2025-11-28 18:50:31 UTC,1681,,,,,0
2025-11-28 18:55:28 UTC,1682,,,,,0
2025-11-28 19:00:28 UTC,1683,,,,,0
2025-11-28 19:10:45 UTC,1684,,,,,0
2025-11-28 19:15:31 UTC,1685,,,,,0
2025-11-28 19:20:47 UTC,1686,,,,,0
2025-11-28 19:25:29 UTC,1687,,,,,0
2025-11-28 19:30:28 UTC,1688,,,,,0
2025-11-28 19:35:27 UTC,1689,,,,,0
2025-11-28 19:40:29 UTC,1690,,,,,0
2025-11-28 19:45:28 UTC,1691,,,,,0
2025-11-28 19:50:29 UTC,1692,,,,,0
2025-11-28 19:55:28 UTC,1693,,,,,0
2025-11-28 20:00:28 UTC,1694,,,,,0
2025-11-28 20:05:31 UTC,1695,,,,,0
2025-11-28 20:10:38 UTC,1696,,,,,0
2025-11-28 20:15:28 UTC,1697,,,,,0
2025-11-28 20:20:28 UTC,1698,,,,,0
2025-11-28 20:25:28 UTC,1699,,,,,0
2025-11-28 20:30:29 UTC,1700,,,,,0
2025-11-28 20:35:30 UTC,1701,,,,,0
2025-11-28 20:40:28 UTC,1702,,,,,0
2025-11-28 20:45:27 UTC,1703,,,,,0
2025-11-28 20:50:29 UTC,1704,,,,,0
2025-11-28 20:55:27 UTC,1705,,,,,0
2025-11-28 21:00:31 UTC,1706,,,,,0
2025-11-28 21:05:28 UTC,1707,,,,,0
2025-11-28 21:10:27 UTC,1708,,,,,0
2025-11-28 21:15:27 UTC,1709,,,,,0
2025-11-28 21:20:29 UTC,1710,,,,,0
2025-11-28 21:25:27 UTC,1711,,,,,0
2025-11-28 21:30:28 UTC,1712,,,,,0
2025-11-28 21:35:28 UTC,1713,,,,,0
2025-11-28 21:40:28 UTC,1714,,,,,0
2025-11-28 21:45:28 UTC,1715,,,,,0
2025-11-28 21:50:29 UTC,1716,,,,,0
2025-11-28 21:55:27 UTC,1717,,,,,0
2025-11-28 22:00:29 UTC,1718,,,,,0
2025-11-28 22:05:39 UTC,1719,,,,,0
2025-11-28 22:10:29 UTC,1720,,,,,0
2025-11-28 22:15:27 UTC,1721,,,,,0
2025-11-28 22:20:32 UTC,1722,,,,,0
2025-11-28 22:25:27 UTC,1723,,,,,0
2025-11-28 22:30:29 UTC,1724,,,,,0
2025-11-28 22:35:28 UTC,1725,,,,,0
2025-11-28 22:40:28 UTC,1726,,,,,0
2025-11-28 22:45:27 UTC,1727,,,,,0
2025-11-28 22:50:29 UTC,1728,,,,,0
2025-11-28 22:55:27 UTC,1729,,,,,0
2025-11-28 23:00:28 UTC,1730,,,,,0
2025-11-28 23:10:29 UTC,1731,,,,,0
2025-11-28 23:15:27 UTC,1732,,,,,0
2025-11-28 23:20:29 UTC,1733,,,,,0
2025-11-28 23:25:27 UTC,1734,,,,,0
2025-11-28 23:30:29 UTC,1735,,,,,0
2025-11-28 23:35:28 UTC,1736,,,,,0
2025-11-28 23:40:30 UTC,1737,,,,,0
2025-11-28 23:45:28 UTC,1738,,,,,0
2025-11-28 23:50:29 UTC,1739,,,,,0
2025-11-28 23:55:28 UTC,1740,,,,,0
2025-11-29 00:00:28 UTC,1741,,,,,0
2025-11-29 00:05:28 UTC,1742,,,,,0
2025-11-29 00:10:28 UTC,1743,,,,,0
2025-11-29 00:15:27 UTC,1744,,,,,0
2025-11-29 00:20:28 UTC,1745,,,,,0
2025-11-29 00:25:27 UTC,1746,,,,,0
2025-11-29 00:30:29 UTC,1747,,,,,0
2025-11-29 00:35:27 UTC,1748,,,,,0
2025-11-29 00:40:30 UTC,1749,,,,,0
2025-11-29 00:45:27 UTC,1750,,,,,0
2025-11-29 00:50:29 UTC,1751,,,,,0
2025-11-29 00:55:28 UTC,1752,,,,,0
2025-11-29 01:00:29 UTC,1753,,,,,0
2025-11-29 01:05:28 UTC,1754,,,,,0
2025-11-29 01:10:28 UTC,1755,,,,,0
2025-11-29 01:15:28 UTC,1756,,,,,0
2025-11-29 01:20:28 UTC,1757,,,,,0
2025-11-29 01:25:27 UTC,1758,,,,,0
2025-11-29 01:30:29 UTC,1759,,,,,0
2025-11-29 01:35:27 UTC,1760,,,,,0
2025-11-29 01:40:28 UTC,1761,,,,,0
2025-11-29 01:45:27 UTC,1762,,,,,0
2025-11-29 01:50:29 UTC,1763,,,,,0
2025-11-29 01:55:27 UTC,1764,,,,,0
2025-11-29 02:00:52 UTC,1765,,,,,0
2025-11-29 02:05:43 UTC,1766,,,,,0
2025-11-29 02:10:28 UTC,1767,,,,,0
2025-11-29 02:15:27 UTC,1768,,,,,0
2025-11-29 02:20:29 UTC,1769,,,,,0
2025-11-29 02:25:27 UTC,1770,,,,,0
2025-11-29 02:30:28 UTC,1771,,,,,0
2025-11-29 02:35:28 UTC,1772,,,,,0
2025-11-29 02:40:28 UTC,1773,,,,,0
2025-11-29 02:45:27 UTC,1774,,,,,0
2025-11-29 02:50:28 UTC,1775,,,,,0
2025-11-29 02:55:27 UTC,1776,,,,,0
2025-11-29 03:00:28 UTC,1777,,,,,0
2025-11-29 03:05:28 UTC,1778,,,,,0
2025-11-29 03:10:28 UTC,1779,,,,,0
2025-11-29 03:15:29 UTC,1780,,,,,0
2025-11-29 03:20:29 UTC,1781,,,,,0
2025-11-29 03:25:27 UTC,1782,,,,,0
2025-11-29 03:30:29 UTC,1783,,,,,0
2025-11-29 03:35:27 UTC,1784,,,,,0
2025-11-29 03:40:30 UTC,1785,,,,,0
2025-11-29 03:45:28 UTC,1786,,,,,0
2025-11-29 03:50:28 UTC,1787,,,,,0
2025-11-29 03:55:27 UTC,1788,,,,,0
2025-11-29 04:00:54 UTC,1789,,,,,0
2025-11-29 04:05:27 UTC,1790,,,,,0
2025-11-29 04:10:27 UTC,1791,,,,,0
2025-11-29 04:15:29 UTC,1792,,,,,0
2025-11-29 04:20:29 UTC,1793,,,,,0
2025-11-29 04:25:27 UTC,1794,,,,,0
2025-11-29 04:30:45 UTC,1795,,,,,0
2025-11-29 04:35:29 UTC,1796,,,,,0
2025-11-29 04:40:32 UTC,1797,,,,,0
2025-11-29 04:45:27 UTC,1798,,,,,0
2025-11-29 04:50:29 UTC,1799,,,,,0
2025-11-29 04:55:27 UTC,1800,,,,,0
2025-11-29 05:00:48 UTC,1801,,,,,0
2025-11-29 05:05:54 UTC,1802,,,,,0
2025-11-29 05:10:28 UTC,1803,,,,,0
2025-11-29 05:15:29 UTC,1804,,,,,0
2025-11-29 05:20:29 UTC,1805,,,,,0
2025-11-29 05:25:27 UTC,1806,,,,,0
2025-11-29 05:30:46 UTC,1807,,,,,0
2025-11-29 05:35:47 UTC,1808,,,,,0
2025-11-29 05:40:28 UTC,1809,,,,,0
2025-11-29 05:45:30 UTC,1810,,,,,0
2025-11-29 05:50:28 UTC,1811,,,,,0
2025-11-29 05:55:28 UTC,1812,,,,,0
2025-11-29 06:00:28 UTC,1813,,,,,0
2025-11-29 06:05:27 UTC,1814,,,,,0
2025-11-29 06:10:33 UTC,1815,,,,,0
2025-11-29 06:15:27 UTC,1816,,,,,0
2025-11-29 06:20:29 UTC,1817,,,,,0
2025-11-29 06:25:27 UTC,1818,,,,,0
2025-11-29 06:30:28 UTC,1819,,,,,0
2025-11-29 06:35:28 UTC,1820,,,,,0
2025-11-29 06:40:28 UTC,1821,,,,,0
2025-11-29 06:45:28 UTC,1822,,,,,0
2025-11-29 06:50:29 UTC,1823,,,,,0
2025-11-29 06:55:28 UTC,1824,,,,,0
2025-11-29 07:00:28 UTC,1825,,,,,0
2025-11-29 07:05:37 UTC,1826,,,,,0
2025-11-29 07:10:28 UTC,1827,,,,,0
2025-11-29 07:15:28 UTC,1828,,,,,0
2025-11-29 07:20:29 UTC,1829,,,,,0
2025-11-29 07:25:28 UTC,1830,,,,,0
2025-11-29 07:30:29 UTC,1831,,,,,0
2025-11-29 07:35:27 UTC,1832,,,,,0
2025-11-29 07:40:29 UTC,1833,,,,,0
2025-11-29 07:45:27 UTC,1834,,,,,0
2025-11-29 07:50:29 UTC,1835,,,,,0
2025-11-29 07:55:28 UTC,1836,,,,,0
2025-11-29 08:00:28 UTC,1837,,,,,0
2025-11-29 08:05:29 UTC,1838,,,,,0
2025-11-29 08:10:29 UTC,1839,,,,,0
2025-11-29 08:15:28 UTC,1840,,,,,0
2025-11-29 08:20:28 UTC,1841,,,,,0
2025-11-29 08:25:28 UTC,1842,,,,,0
2025-11-29 08:30:29 UTC,1843,,,,,0
2025-11-29 08:35:28 UTC,1844,,,,,0
2025-11-29 08:40:38 UTC,1845,,,,,0
2025-11-29 08:45:28 UTC,1846,,,,,0
2025-11-29 08:50:29 UTC,1847,,,,,0
2025-11-29 08:55:28 UTC,1848,,,,,0
2025-11-29 09:00:28 UTC,1849,,,,,0
2025-11-29 09:05:29 UTC,1850,,,,,0
2025-11-29 09:10:29 UTC,1851,,,,,0
2025-11-29 09:15:29 UTC,1852,,,,,0
2025-11-29 09:20:28 UTC,1853,,,,,0
2025-11-29 09:25:28 UTC,1854,,,,,0
2025-11-29 09:30:29 UTC,1855,,,,,0
2025-11-29 09:35:29 UTC,1856,,,,,0
2025-11-29 09:40:29 UTC,1857,,,,,0
2025-11-29 09:45:28 UTC,1858,,,,,0
2025-11-29 09:50:28 UTC,1859,,,,,0
2025-11-29 09:55:28 UTC,1860,,,,,0
2025-11-29 10:00:28 UTC,1861,,,,,0
2025-11-29 10:05:34 UTC,1862,,,,,0
2025-11-29 10:10:29 UTC,1863,,,,,0
2025-11-29 10:15:27 UTC,1864,,,,,0
2025-11-29 10:20:29 UTC,1865,,,,,0
2025-11-29 10:25:27 UTC,1866,,,,,0
2025-11-29 10:30:29 UTC,1867,,,,,0
2025-11-29 10:35:28 UTC,1868,,,,,0
2025-11-29 10:40:30 UTC,1869,,,,,0
2025-11-29 10:45:28 UTC,1870,,,,,0
2025-11-29 10:50:30 UTC,1871,,,,,0
2025-11-29 10:55:27 UTC,1872,,,,,0
2025-11-29 11:00:31 UTC,1873,,,,,0
2025-11-29 11:05:39 UTC,1874,,,,,0
2025-11-29 11:10:28 UTC,1875,,,,,0
2025-11-29 11:15:27 UTC,1876,,,,,0
2025-11-29 11:20:29 UTC,1877,,,,,0
2025-11-29 11:25:28 UTC,1878,,,,,0
2025-11-29 11:30:28 UTC,1879,,,,,0
2025-11-29 11:35:28 UTC,1880,,,,,0
2025-11-29 11:40:28 UTC,1881,,,,,0
2025-11-29 11:45:28 UTC,1882,,,,,0
2025-11-29 11:50:28 UTC,1883,,,,,0
2025-11-29 11:55:28 UTC,1884,,,,,0
2025-11-29 12:00:28 UTC,1885,,,,,0
2025-11-29 12:05:30 UTC,1886,,,,,0
2025-11-29 12:10:29 UTC,1887,,,,,0
2025-11-29 12:15:28 UTC,1888,,,,,0
2025-11-29 12:20:29 UTC,1889,,,,,0
2025-11-29 12:25:28 UTC,1890,,,,,0
2025-11-29 12:30:28 UTC,1891,,,,,0
2025-11-29 12:35:28 UTC,1892,,,,,0
2025-11-29 12:40:28 UTC,1893,,,,,0
2025-11-29 12:45:29 UTC,1894,,,,,0
2025-11-29 12:50:28 UTC,1895,,,,,0
2025-11-29 12:55:28 UTC,1896,,,,,0
2025-11-29 13:00:28 UTC,1897,,,,,0
2025-11-29 13:05:33 UTC,1898,,,,,0
2025-11-29 13:10:28 UTC,1899,,,,,0
2025-11-29 13:15:27 UTC,1900,,,,,0
2025-11-29 13:20:37 UTC,1901,,,,,0
2025-11-29 13:25:27 UTC,1902,,,,,0
2025-11-29 13:30:28 UTC,1903,,,,,0
2025-11-29 13:35:27 UTC,1904,,,,,0
2025-11-29 13:40:28 UTC,1905,,,,,0
2025-11-29 13:45:28 UTC,1906,,,,,0
2025-11-29 13:50:29 UTC,1907,,,,,0
2025-11-29 13:55:28 UTC,1908,,,,,0
2025-11-29 14:00:30 UTC,1909,,,,,0
2025-11-29 14:05:33 UTC,1910,,,,,0
2025-11-29 14:10:28 UTC,1911,,,,,0
2025-11-29 14:15:28 UTC,1912,,,,,0
2025-11-29 14:20:29 UTC,1913,,,,,0
2025-11-29 14:25:28 UTC,1914,,,,,0
2025-11-29 14:30:28 UTC,1915,,,,,0
2025-11-29 14:35:27 UTC,1916,,,,,0
2025-11-29 14:40:29 UTC,1917,,,,,0
2025-11-29 14:45:28 UTC,1918,,,,,0
2025-11-29 14:50:28 UTC,1919,,,,,0
2025-11-29 14:55:27 UTC,1920,,,,,0
2025-11-29 15:00:27 UTC,1921,,,,,0
2025-11-29 15:05:35 UTC,1922,,,,,0
2025-11-29 15:10:29 UTC,1923,,,,,0
2025-11-29 15:15:29 UTC,1924,,,,,0
2025-11-29 15:20:29 UTC,1925,,,,,0
2025-11-29 15:25:27 UTC,1926,,,,,0
2025-11-29 15:30:38 UTC,1927,,,,,0
2025-11-29 15:35:27 UTC,1928,,,,,0
2025-11-29 15:40:29 UTC,1929,,,,,0
2025-11-29 15:45:28 UTC,1930,,,,,0
2025-11-29 15:50:29 UTC,1931,,,,,0
2025-11-29 15:55:27 UTC,1932,,,,,0
2025-11-29 16:00:48 UTC,1933,,,,,0
2025-11-29 16:05:28 UTC,1934,,,,,0
2025-11-29 16:10:28 UTC,1935,,,,,0
2025-11-29 16:15:31 UTC,1936,,,,,0
2025-11-29 16:20:30 UTC,1937,,,,,0
2025-11-29 16:25:28 UTC,1938,,,,,0
2025-11-29 16:30:29 UTC,1939,,,,,0
2025-11-29 16:35:27 UTC,1940,,,,,0
2025-11-29 16:40:29 UTC,1941,,,,,0
2025-11-29 16:45:28 UTC,1942,,,,,0
2025-11-29 16:50:28 UTC,1943,,,,,0
2025-11-29 16:55:28 UTC,1944,,,,,0
2025-11-29 17:00:28 UTC,1945,,,,,0
2025-11-29 17:05:36 UTC,1946,,,,,0
2025-11-29 17:10:29 UTC,1947,,,,,0
2025-11-29 17:15:27 UTC,1948,,,,,0
2025-11-29 17:20:36 UTC,1949,,,,,0
2025-11-29 17:25:28 UTC,1950,,,,,0
2025-11-29 17:30:28 UTC,1951,,,,,0
2025-11-29 17:35:34 UTC,1952,,,,,0
2025-11-29 17:40:28 UTC,1953,,,,,0
2025-11-29 17:45:29 UTC,1954,,,,,0
2025-11-29 17:50:28 UTC,1955,,,,,0
2025-11-29 17:55:28 UTC,1956,,,,,0
2025-11-29 18:00:30 UTC,1957,,,,,0
2025-11-29 18:05:28 UTC,1958,,,,,0
2025-11-29 18:10:33 UTC,1959,,,,,0
2025-11-29 18:15:27 UTC,1960,,,,,0
2025-11-29 18:20:29 UTC,1961,,,,,0
2025-11-29 18:25:28 UTC,1962,,,,,0
2025-11-29 18:30:29 UTC,1963,,,,,0
2025-11-29 18:35:27 UTC,1964,,,,,0
2025-11-29 18:40:28 UTC,1965,,,,,0
2025-11-29 18:45:27 UTC,1966,,,,,0
2025-11-29 18:50:29 UTC,1967,,,,,0
2025-11-29 18:55:28 UTC,1968,,,,,0
2025-11-29 19:00:29 UTC,1969,,,,,0
2025-11-29 19:05:32 UTC,1970,,,,,0
2025-11-29 19:10:35 UTC,1971,,,,,0
2025-11-29 19:15:28 UTC,1972,,,,,0
2025-11-29 19:20:28 UTC,1973,,,,,0
2025-11-29 19:25:28 UTC,1974,,,,,0
2025-11-29 19:30:32 UTC,1975,,,,,0
2025-11-29 19:35:28 UTC,1976,,,,,0
2025-11-29 19:40:29 UTC,1977,,,,,0
2025-11-29 19:45:28 UTC,1978,,,,,0
2025-11-29 19:50:28 UTC,1979,,,,,0
2025-11-29 19:55:28 UTC,1980,,,,,0
2025-11-29 20:00:31 UTC,1981,,,,,0
2025-11-29 20:05:28 UTC,1982,,,,,0
2025-11-29 20:10:28 UTC,1983,,,,,0
2025-11-29 20:15:28 UTC,1984,,,,,0
2025-11-29 20:20:28 UTC,1985,,,,,0
2025-11-29 20:25:28 UTC,1986,,,,,0
2025-11-29 20:30:28 UTC,1987,,,,,0
2025-11-29 20:35:28 UTC,1988,,,,,0
2025-11-29 20:40:29 UTC,1989,,,,,0
2025-11-29 20:45:28 UTC,1990,,,,,0
2025-11-29 20:50:29 UTC,1991,,,,,0
2025-11-29 20:55:28 UTC,1992,,,,,0
2025-11-29 21:00:28 UTC,1993,,,,,0
2025-11-29 21:05:28 UTC,1994,,,,,0
2025-11-29 21:10:29 UTC,1995,,,,,0
2025-11-29 21:15:27 UTC,1996,,,,,0
2025-11-29 21:20:37 UTC,1997,,,,,0
2025-11-29 21:25:28 UTC,1998,,,,,0
2025-11-29 21:30:30 UTC,1999,,,,,0
2025-11-29 21:35:27 UTC,2000,,,,,0
2025-11-29 21:40:29 UTC,2001,,,,,0
2025-11-29 21:45:27 UTC,2002,,,,,0
2025-11-29 21:50:28 UTC,2003,,,,,0
2025-11-29 21:55:27 UTC,2004,,,,,0
2025-11-29 22:00:39 UTC,2005,,,,,0
2025-11-29 22:05:32 UTC,2006,,,,,0
2025-11-29 22:10:28 UTC,2007,,,,,0
2025-11-29 22:15:28 UTC,2008,,,,,0
2025-11-29 22:20:28 UTC,2009,,,,,0
2025-11-29 22:25:27 UTC,2010,,,,,0
2025-11-29 22:30:27 UTC,2011,,,,,0
2025-11-29 22:35:27 UTC,2012,,,,,0
2025-11-29 22:40:29 UTC,2013,,,,,0
2025-11-29 22:45:27 UTC,2014,,,,,0
2025-11-29 22:50:28 UTC,2015,,,,,0
2025-11-29 22:55:28 UTC,2016,,,,,0
2025-11-29 23:00:28 UTC,2017,,,,,0
2025-11-29 23:05:28 UTC,2018,,,,,0
2025-11-29 23:10:29 UTC,2019,,,,,0
2025-11-29 23:15:28 UTC,2020,,,,,0
2025-11-29 23:20:28 UTC,2021,,,,,0
2025-11-29 23:25:27 UTC,2022,,,,,0
2025-11-29 23:30:28 UTC,2023,,,,,0
2025-11-29 23:35:27 UTC,2024,,,,,0
2025-11-29 23:40:28 UTC,2025,,,,,0
2025-11-29 23:45:28 UTC,2026,,,,,0
2025-11-29 23:50:29 UTC,2027,,,,,0
2025-11-29 23:55:27 UTC,2028,,,,,0
2025-11-30 00:00:54 UTC,2029,,,,,0
2025-11-30 00:06:19 UTC,2030,,,,,0
2025-11-30 00:10:28 UTC,2031,,,,,0
2025-11-30 00:15:27 UTC,2032,,,,,0
2025-11-30 00:20:28 UTC,2033,,,,,0
2025-11-30 00:25:28 UTC,2034,,,,,0
2025-11-30 00:30:28 UTC,2035,,,,,0
2025-11-30 00:35:27 UTC,2036,,,,,0
2025-11-30 00:40:29 UTC,2037,,,,,0
2025-11-30 00:45:28 UTC,2038,,,,,0
2025-11-30 00:50:28 UTC,2039,,,,,0
2025-11-30 00:55:27 UTC,2040,,,,,0
2025-11-30 01:00:29 UTC,2041,,,,,0
2025-11-30 01:05:30 UTC,2042,,,,,0
2025-11-30 01:10:28 UTC,2043,,,,,0
2025-11-30 01:15:27 UTC,2044,,,,,0
2025-11-30 01:20:28 UTC,2045,,,,,0
2025-11-30 01:25:28 UTC,2046,,,,,0
2025-11-30 01:30:28 UTC,2047,,,,,0
2025-11-30 01:35:27 UTC,2048,,,,,0
2025-11-30 01:40:28 UTC,2049,,,,,0
2025-11-30 01:45:27 UTC,2050,,,,,0
2025-11-30 01:50:29 UTC,2051,,,,,0
2025-11-30 01:55:27 UTC,2052,,,,,0
2025-11-30 02:00:46 UTC,2053,,,,,0
2025-11-30 02:05:28 UTC,2054,,,,,0
2025-11-30 02:10:28 UTC,2055,,,,,0
2025-11-30 02:15:27 UTC,2056,,,,,0
2025-11-30 02:20:29 UTC,2057,,,,,0
2025-11-30 02:25:27 UTC,2058,,,,,0
2025-11-30 02:30:29 UTC,2059,,,,,0
2025-11-30 02:35:28 UTC,2060,,,,,0
2025-11-30 02:40:29 UTC,2061,,,,,0
2025-11-30 02:45:28 UTC,2062,,,,,0
2025-11-30 02:50:28 UTC,2063,,,,,0
2025-11-30 02:55:27 UTC,2064,,,,,0
2025-11-30 03:00:39 UTC,2065,,,,,0
2025-11-30 03:05:49 UTC,2066,,,,,0
2025-11-30 03:10:28 UTC,2067,,,,,0
2025-11-30 03:15:27 UTC,2068,,,,,0
2025-11-30 03:20:29 UTC,2069,,,,,0
2025-11-30 03:25:28 UTC,2070,,,,,0
2025-11-30 03:30:29 UTC,2071,,,,,0
2025-11-30 03:35:27 UTC,2072,,,,,0
2025-11-30 03:40:28 UTC,2073,,,,,0
2025-11-30 03:45:28 UTC,2074,,,,,0
2025-11-30 03:50:29 UTC,2075,,,,,0
2025-11-30 03:55:28 UTC,2076,,,,,0
2025-11-30 04:00:29 UTC,2077,,,,,0
2025-11-30 04:05:31 UTC,2078,,,,,0
2025-11-30 04:10:29 UTC,2079,,,,,0
2025-11-30 04:15:32 UTC,2080,,,,,0
2025-11-30 04:20:28 UTC,2081,,,,,0
2025-11-30 04:25:27 UTC,2082,,,,,0
2025-11-30 04:30:27 UTC,2083,,,,,0
2025-11-30 04:35:27 UTC,2084,,,,,0
2025-11-30 04:40:30 UTC,2085,,,,,0
2025-11-30 04:45:28 UTC,2086,,,,,0
2025-11-30 04:50:28 UTC,2087,,,,,0
2025-11-30 04:55:27 UTC,2088,,,,,0
2025-11-30 05:00:28 UTC,2089,,,,,0
2025-11-30 05:05:27 UTC,2090,,,,,0
2025-11-30 05:10:38 UTC,2091,,,,,0
2025-11-30 05:15:27 UTC,2092,,,,,0
2025-11-30 05:20:28 UTC,2093,,,,,0
2025-11-30 05:25:28 UTC,2094,,,,,0
2025-11-30 05:30:37 UTC,2095,,,,,0
2025-11-30 05:35:28 UTC,2096,,,,,0
2025-11-30 05:40:36 UTC,2097,,,,,0
2025-11-30 05:45:29 UTC,2098,,,,,0
2025-11-30 05:50:28 UTC,2099,,,,,0
2025-11-30 05:55:27 UTC,2100,,,,,0
2025-11-30 06:00:28 UTC,2101,,,,,0
2025-11-30 06:05:28 UTC,2102,,,,,0
2025-11-30 06:10:28 UTC,2103,,,,,0
2025-11-30 06:15:27 UTC,2104,,,,,0
2025-11-30 06:20:29 UTC,2105,,,,,0
2025-11-30 06:25:27 UTC,2106,,,,,0
2025-11-30 06:30:35 UTC,2107,,,,,0
2025-11-30 06:35:28 UTC,2108,,,,,0
2025-11-30 06:40:42 UTC,2109,,,,,0
2025-11-30 06:45:27 UTC,2110,,,,,0
2025-11-30 06:50:29 UTC,2111,,,,,0
2025-11-30 06:51:06 UTC,2112,24.30,35.00,100920,4095,
2025-11-30 06:51:37 UTC,2113,24.40,35.00,100920,4095,
2025-11-30 06:52:08 UTC,2114,24.40,34.00,100924,4095,
2025-11-30 06:52:39 UTC,2115,24.40,34.00,100918,4095,
2025-11-30 06:53:10 UTC,2116,24.40,35.00,100916,4095,
2025-11-30 06:53:41 UTC,2117,24.50,34.00,100914,4095,
2025-11-30 06:54:12 UTC,2118,24.50,34.00,100905,4095,
2025-11-30 06:54:43 UTC,2119,24.50,34.00,100908,4095,
2025-11-30 06:55:14 UTC,2120,24.60,34.00,100911,4095,
2025-11-30 06:55:45 UTC,2121,24.60,34.00,100908,4095,
2025-11-30 06:56:16 UTC,2122,24.60,33.00,100908,4095,
2025-11-30 06:56:47 UTC,2123,24.70,35.00,100905,4095,
2025-11-30 06:57:18 UTC,2124,24.70,35.00,100896,4095,
2025-11-30 06:57:49 UTC,2125,24.80,34.00,100900,4095,
2025-11-30 06:58:16 UTC,2126,,,,,0
2025-11-30 06:58:51 UTC,2127,24.80,34.00,100901,4095,
2025-11-30 06:59:22 UTC,2128,24.80,34.00,100897,1747,
2025-11-30 06:59:53 UTC,2129,24.90,35.00,100902,1710,
2025-11-30 07:00:24 UTC,2130,24.90,35.00,100898,2704,
2025-11-30 07:00:55 UTC,2131,24.90,35.00,100891,2990,
2025-11-30 07:01:26 UTC,2132,25.00,32.00,100899,3373,
2025-11-30 07:01:57 UTC,2133,25.00,32.00,100893,3600,
2025-11-30 07:02:28 UTC,2134,25.00,32.00,100890,3762,
2025-11-30 07:02:59 UTC,2135,25.00,33.00,100889,3857,
2025-11-30 07:03:30 UTC,2136,25.00,32.00,100891,3915,
2025-11-30 07:04:01 UTC,2137,25.00,32.00,100892,3952,
2025-11-30 07:04:32 UTC,2138,25.00,33.00,100886,3941,
2025-11-30 07:05:03 UTC,2139,25.00,33.00,100886,3940,
2025-11-30 07:05:34 UTC,2140,,,,,0
2025-11-30 07:06:06 UTC,2141,25.10,33.00,100884,3931,
2025-11-30 07:06:37 UTC,2142,25.10,33.00,100876,3936,
2025-11-30 07:07:09 UTC,2143,25.20,33.00,100872,3966,
2025-11-30 07:07:40 UTC,2144,25.20,33.00,100879,4095,
2025-11-30 07:08:11 UTC,2145,25.20,33.00,100877,4095,
2025-11-30 07:08:42 UTC,2146,25.20,33.00,100873,4095,
2025-11-30 07:09:14 UTC,2147,25.20,33.00,100872,4095,
2025-11-30 07:09:45 UTC,2148,25.30,33.00,100876,4095,
2025-11-30 07:10:16 UTC,2149,25.30,33.00,100870,4095,
2025-11-30 07:10:47 UTC,2150,25.30,33.00,100876,4095,
2025-11-30 07:11:18 UTC,2151,25.30,33.00,100870,4095,
2025-11-30 07:11:49 UTC,2152,25.30,34.00,100880,4095,
2025-11-30 07:12:20 UTC,2153,25.30,34.00,100864,4095,
2025-11-30 07:12:51 UTC,2154,25.30,34.00,100869,4095,
2025-11-30 07:13:23 UTC,2155,25.20,34.00,100874,4095,
2025-11-30 07:13:54 UTC,2156,25.20,34.00,100859,4095,
2025-11-30 07:14:25 UTC,2157,25.30,34.00,100865,4095,
2025-11-30 07:14:56 UTC,2158,25.30,34.00,100868,4095,
2025-11-30 07:15:27 UTC,2159,25.30,35.00,100865,4095,
2025-11-30 07:15:58 UTC,2160,25.40,35.00,100865,4095,
2025-11-30 07:16:29 UTC,2161,25.40,35.00,100855,4095,
2025-11-30 07:17:00 UTC,2162,25.40,35.00,100857,4095,
2025-11-30 07:17:32 UTC,2163,25.50,35.00,100853,4095,
2025-11-30 07:18:03 UTC,2164,25.50,35.00,100855,4095,
2025-11-30 07:18:34 UTC,2165,25.50,34.00,100854,4095,
2025-11-30 07:19:05 UTC,2166,25.50,34.00,100852,4095,
2025-11-30 07:20:06 UTC,2167,25.50,34.00,100853,4095,0
2025-11-30 07:20:28 UTC,2168,,,,,0
2025-11-30 07:21:09 UTC,2169,25.50,35.00,100853,4095,0
2025-11-30 07:21:40 UTC,2170,25.60,35.00,100847,4095,0
2025-11-30 07:22:11 UTC,2171,25.50,34.00,100849,4095,0
2025-11-30 07:22:42 UTC,2172,25.50,34.00,100845,4095,0
2025-11-30 07:23:13 UTC,2173,25.50,34.00,100848,4095,0
2025-11-30 07:23:44 UTC,2174,25.50,34.00,100837,4095,0
2025-11-30 07:24:15 UTC,2175,25.50,35.00,100837,4095,0
2025-11-30 07:24:46 UTC,2176,25.50,35.00,100834,4095,0
2025-11-30 07:25:18 UTC,2177,25.50,34.00,100838,4095,0
2025-11-30 07:25:48 UTC,2178,25.50,35.00,100832,4095,0
2025-11-30 07:26:20 UTC,2179,25.50,35.00,100833,4095,0
2025-11-30 07:26:51 UTC,2180,25.50,34.00,100831,4095,0
2025-11-30 07:27:22 UTC,2181,25.50,35.00,100833,4095,0
2025-11-30 07:27:53 UTC,2182,25.40,34.00,100825,4095,0
2025-11-30 07:28:24 UTC,2183,25.40,34.00,100828,4095,0
2025-11-30 07:28:55 UTC,2184,25.40,34.00,100828,4095,0
2025-11-30 07:29:27 UTC,2185,25.40,34.00,100829,4095,0
2025-11-30 07:29:58 UTC,2186,25.40,34.00,100828,4095,0
2025-11-30 07:30:30 UTC,2187,25.40,34.00,100829,4095,0
2025-11-30 07:31:01 UTC,2188,25.40,34.00,100821,4095,0
2025-11-30 07:31:32 UTC,2189,25.40,34.00,100818,4095,0
2025-11-30 07:32:03 UTC,2190,25.40,34.00,100824,4095,0
2025-11-30 07:32:34 UTC,2191,25.50,34.00,100821,4095,0
2025-11-30 07:56:45 UTC,2192,25.00,32.00,100780,4095,0
2025-11-30 07:57:15 UTC,2193,25.00,32.00,100775,4095,0
2025-11-30 07:57:47 UTC,2194,25.00,32.00,100770,4095,0
2025-11-30 07:58:18 UTC,2195,25.00,32.00,100774,4095,0
2025-11-30 07:58:49 UTC,2196,25.00,32.00,100775,4095,0
2025-11-30 07:59:20 UTC,2197,25.00,32.00,100774,4095,0
2025-11-30 07:59:51 UTC,2198,25.00,32.00,100766,4095,0
2025-11-30 08:00:51 UTC,2199,25.00,32.00,100765,4095,
2025-11-30 08:01:27 UTC,2200,25.00,32.00,100765,4095,
2025-11-30 08:02:03 UTC,2201,25.10,32.00,100767,4095,
2025-11-30 08:02:39 UTC,2202,25.10,32.00,100755,4095,
2025-11-30 08:03:15 UTC,2203,25.10,31.00,100763,4095,
2025-11-30 08:03:51 UTC,2204,25.10,32.00,100758,4095,
2025-11-30 08:04:28 UTC,2205,25.00,32.00,100753,4095,
2025-11-30 08:05:04 UTC,2206,25.00,31.00,100755,4095,
2025-11-30 08:05:40 UTC,2207,25.00,31.00,100750,4095,
2025-11-30 08:06:16 UTC,2208,25.00,32.00,100756,4095,
2025-11-30 08:06:52 UTC,2209,25.10,32.00,100747,4095,
2025-11-30 08:07:28 UTC,2210,25.10,32.00,100752,4095,
2025-11-30 08:08:00 UTC,2211,25.10,32.00,100750,4095,
2025-11-30 08:08:32 UTC,2212,25.10,32.00,100754,4095,
2025-11-30 08:09:04 UTC,2213,25.10,32.00,100753,4095,
2025-11-30 08:09:36 UTC,2214,25.10,32.00,100752,4095,
2025-11-30 08:10:08 UTC,2215,25.10,32.00,100748,4095,
2025-11-30 08:10:40 UTC,2216,25.20,31.00,100744,1935,
2025-11-30 08:11:14 UTC,2217,25.10,31.00,100752,1909,
2025-11-30 08:11:45 UTC,2218,25.10,32.00,100743,1886,
2025-11-30 08:12:17 UTC,2219,25.10,31.00,100741,1868,
2025-11-30 08:12:50 UTC,2220,25.10,32.00,100740,1850,
2025-11-30 08:13:22 UTC,2221,25.10,31.00,100735,1831,
2025-11-30 08:13:54 UTC,2222,25.10,31.00,100738,1823,
2025-11-30 08:14:26 UTC,2223,25.10,31.00,100732,1812,
2025-11-30 08:15:00 UTC,2224,25.10,31.00,100738,1808,
2025-11-30 08:15:34 UTC,2225,25.20,32.00,100737,1802,
2025-11-30 08:16:06 UTC,2226,25.20,32.00,100735,1803,
2025-11-30 08:16:38 UTC,2227,25.20,31.00,100735,1802,
2025-11-30 08:17:10 UTC,2228,25.20,31.00,100735,1795,
2025-11-30 08:17:42 UTC,2229,25.20,31.00,100731,1793,
2025-11-30 08:18:18 UTC,2230,25.20,31.00,100737,1793,
2025-11-30 08:18:55 UTC,2231,25.20,31.00,100735,1795,
2025-11-30 08:19:31 UTC,2232,25.20,31.00,100727,1793,
2025-11-30 08:20:06 UTC,2233,25.20,31.00,100730,1792,
2025-11-30 08:20:38 UTC,2234,25.20,31.00,100729,1790,
2025-11-30 08:21:10 UTC,2235,25.20,31.00,100727,2300,
2025-11-30 08:21:42 UTC,2236,25.20,31.00,100727,2449,
2025-11-30 08:22:14 UTC,2237,25.20,31.00,100724,2794,
2025-11-30 08:22:46 UTC,2238,25.10,31.00,100724,3055,
2025-11-30 08:23:17 UTC,2239,25.10,31.00,100730,3269,
2025-11-30 08:23:49 UTC,2240,25.10,31.00,100721,3417,
2025-11-30 08:24:21 UTC,2241,25.10,31.00,100719,3494,
2025-11-30 08:24:53 UTC,2242,25.10,31.00,100723,3539,
2025-11-30 08:25:25 UTC,2243,25.10,31.00,100720,3531,
2025-11-30 08:26:01 UTC,2244,25.00,31.00,100719,3536,
2025-11-30 08:26:37 UTC,2245,25.00,31.00,100716,3562,
2025-11-30 08:27:13 UTC,2246,25.00,31.00,100719,1299,
2025-11-30 08:27:49 UTC,2247,25.00,31.00,100715,1215,
2025-11-30 08:28:25 UTC,2248,25.00,31.00,100714,1141,
2025-11-30 08:28:59 UTC,2249,,,,,1
2025-11-30 08:29:37 UTC,2250,25.00,31.00,100712,1073,
2025-11-30 08:30:13 UTC,2251,25.00,31.00,100712,1072,
2025-11-30 08:30:49 UTC,2252,25.00,30.00,100718,1073,
2025-11-30 08:31:25 UTC,2253,25.00,31.00,100712,1088,
2025-11-30 08:32:01 UTC,2254,25.00,31.00,100715,1069,
2025-11-30 08:32:22 UTC,2255,,,,,0
2025-11-30 08:32:37 UTC,2256,25.00,31.00,100719,1087,
2025-11-30 08:32:58 UTC,2257,,,,,0
2025-11-30 08:33:13 UTC,2258,25.00,31.00,100715,4095,
2025-11-30 08:33:34 UTC,2259,,,,,0
2025-11-30 08:33:49 UTC,2260,25.00,31.00,100709,4095,
2025-11-30 08:34:10 UTC,2261,,,,,0
2025-11-30 08:34:25 UTC,2262,25.00,31.00,100709,4095,
2025-11-30 08:34:46 UTC,2263,,,,,0
2025-11-30 08:35:01 UTC,2264,25.00,31.00,100710,4095,
2025-11-30 08:35:22 UTC,2265,,,,,0
2025-11-30 08:35:37 UTC,2266,25.00,31.00,100712,4095,
2025-11-30 08:35:58 UTC,2267,,,,,0
2025-11-30 08:36:13 UTC,2268,25.00,31.00,100707,4095,
2025-11-30 08:36:34 UTC,2269,,,,,0
2025-11-30 08:36:49 UTC,2270,25.00,31.00,100708,4095,
2025-11-30 08:37:10 UTC,2271,,,,,0
2025-11-30 08:37:26 UTC,2272,25.10,31.00,100706,4095,
2025-11-30 08:37:46 UTC,2273,,,,,0
2025-11-30 08:38:02 UTC,2274,25.10,31.00,100701,4095,
2025-11-30 08:38:22 UTC,2275,,,,,0
2025-11-30 08:38:40 UTC,2276,25.10,31.00,100704,4095,
2025-11-30 08:39:02 UTC,2277,,,,,0
2025-11-30 08:39:37 UTC,2278,,,,,0
2025-11-30 08:39:52 UTC,2279,25.10,31.00,100705,4095,
2025-11-30 08:40:13 UTC,2280,,,,,0
